jpy,usd,tanggal
11123,16469,2025-07-31
11092,16481,2025-07-30
11075,16423,2025-07-29
11132,16407,2025-07-28
11177,16364,2025-07-25
11163,16379,2025-07-24
11094,16389,2025-07-23
11081,16412,2025-07-22
11013,16383,2025-07-21
11036,16411,2025-07-18
10996,16369,2025-07-17
11077,16362,2025-07-16
11080,16328,2025-07-15
11103,16302,2025-07-14
11144,16301,2025-07-11
11124,16335,2025-07-10
11177,16319,2025-07-09
11239,16318,2025-07-08
11278,16285,2025-07-07
11324,16290,2025-07-04
11341,16317,2025-07-03
11374,16273,2025-07-02
11319,16312,2025-07-01
11325,16314,2025-06-30
11268,16373,2025-06-26
11321,16452,2025-06-25
11245,16566,2025-06-24
11334,16481,2025-06-23
11324,16460,2025-06-20
11315,16401,2025-06-19
11321,16362,2025-06-18
11359,16377,2025-06-17
11388,16374,2025-06-16
11342,16318,2025-06-13
11264,16346,2025-06-12
11303,16357,2025-06-11
11412,16358,2025-06-10
11373,16387,2025-06-05
11462,16369,2025-06-04
11462,16378,2025-06-03
11366,16382,2025-06-02
11365,16336,2025-05-28
11399,16288,2025-05-27
11425,16370,2025-05-26
11461,16395,2025-05-23
11463,16495,2025-05-22
11441,16488,2025-05-21
11418,16537,2025-05-20
11365,16506,2025-05-19
11391,16618,2025-05-16
11330,16651,2025-05-15
11446,16615,2025-05-14
11488,16579,2025-05-09
11606,16616,2025-05-08
11551,16554,2025-05-07
11432,16503,2025-05-06
11422,16575,2025-05-05
11740,16762,2025-05-02
11849,16871,2025-04-30
11799,16946,2025-04-29
11796,16913,2025-04-28
11901,16968,2025-04-25
11959,16964,2025-04-24
12081,16946,2025-04-23
12019,16892,2025-04-22
11839,16917,2025-04-21
11915,16929,2025-04-17
11793,16899,2025-04-16
11781,16857,2025-04-15
11825,16889,2025-04-14
11530,16863,2025-04-11
11701,17028,2025-04-10
11489,16933,2025-04-09
11061,16649,2025-04-08
11085,16671,2025-03-27
11084,16705,2025-03-26
11123,16644,2025-03-25
11108,16584,2025-03-24
11148,16563,2025-03-21
11128,16611,2025-03-20
11023,16514,2025-03-19
11060,16461,2025-03-18
11075,16474,2025-03-17
11173,16510,2025-03-14
11128,16535,2025-03-13
11239,16512,2025-03-12
11118,16408,2025-03-11
11119,16418,2025-03-10
11052,16397,2025-03-07
11009,16453,2025-03-06
11067,16525,2025-03-05
11047,16589,2025-03-04
11074,16658,2025-03-03
11063,16513,2025-02-28
11014,16469,2025-02-27
10984,16398,2025-02-26
10963,16385,2025-02-25
10882,16382,2025-02-24
10938,16426,2025-02-21
10839,16439,2025-02-20
10757,16356,2025-02-19
10726,16289,2025-02-18
10717,16366,2025-02-17
10662,16447,2025-02-14
10701,16446,2025-02-13
10834,16462,2025-02-12
10799,16432,2025-02-11
10807,16407,2025-02-10
10756,16412,2025-02-07
10691,16390,2025-02-06
10590,16447,2025-02-05
10625,16535,2025-02-04
10600,16394,2025-02-03
10577,16340,2025-01-31
10478,16281,2025-01-30
10445,16357,2025-01-24
10516,16409,2025-01-23
10544,16413,2025-01-22
10549,16454,2025-01-21
10575,16455,2025-01-20
10540,16460,2025-01-17
10450,16393,2025-01-16
10378,16346,2025-01-15
10392,16362,2025-01-14
10275,16275,2025-01-13
10317,16319,2025-01-10
10298,16282,2025-01-09
10318,16250,2025-01-08
10323,16274,2025-01-07
10372,16298,2025-01-06
10415,16317,2025-01-03
10396,16238,2025-01-02
10289,16243,2024-12-31
10350,16332,2024-12-30
10366,16289,2024-12-27
10358,16240,2024-12-24
10427,16351,2024-12-23
10455,16358,2024-12-20
10536,16181,2024-12-19
10470,16130,2024-12-18
10487,16099,2024-12-17
10516,16067,2024-12-16
10501,16019,2024-12-13
10540,15985,2024-12-12
10528,15953,2024-12-11
10603,15940,2024-12-10
10612,15927,2024-12-09
10664,15971,2024-12-06
10666,16037,2024-12-05
10687,16030,2024-12-04
10640,15985,2024-12-03
10626,15935,2024-12-02
10506,15943,2024-11-29
10395,16010,2024-11-28
10317,15943,2024-11-26
10334,15991,2024-11-25
10344,16022,2024-11-22
10240,15937,2024-11-21
10287,15895,2024-11-20
10306,15927,2024-11-19
10250,15967,2024-11-18
10237,15952,2024-11-15
10226,15861,2024-11-14
10304,15850,2024-11-13
10255,15755,2024-11-12
10319,15749,2024-11-11
10290,15846,2024-11-08
10341,15919,2024-11-07
10406,15845,2024-11-06
10403,15830,2024-11-05
10359,15802,2024-11-04
10368,15784,2024-11-01
10312,15811,2024-10-31
10341,15839,2024-10-30
10310,15808,2024-10-29
10337,15707,2024-10-28
10301,15671,2024-10-25
10303,15698,2024-10-24
10356,15638,2024-10-23
10373,15542,2024-10-22
10357,15543,2024-10-21
10412,15594,2024-10-18
10447,15614,2024-10-17
10476,15633,2024-10-16
10484,15659,2024-10-15
10545,15687,2024-10-14
10560,15736,2024-10-11
10559,15685,2024-10-10
10671,15749,2024-10-09
10628,15758,2024-10-08
10644,15572,2024-10-07
10564,15471,2024-10-04
10637,15323,2024-10-03
10599,15280,2024-10-02
10688,15220,2024-10-01
10620,15214,2024-09-30
10514,15247,2024-09-27
10540,15167,2024-09-26
10563,15262,2024-09-25
10632,15267,2024-09-24
10563,15176,2024-09-23
10783,15363,2024-09-20
10873,15427,2024-09-19
10960,15415,2024-09-18
10983,15482,2024-09-17
10867,15498,2024-09-13
10962,15492,2024-09-12
10806,15524,2024-09-11
10847,15523,2024-09-10
10842,15449,2024-09-09
10783,15487,2024-09-06
10736,15567,2024-09-05
10710,15635,2024-09-04
10659,15614,2024-09-03
10732,15550,2024-09-02
10703,15486,2024-08-30
10759,15553,2024-08-29
10749,15587,2024-08-28
10739,15457,2024-08-27
10718,15632,2024-08-26
10776,15657,2024-08-23
10631,15533,2024-08-22
10621,15557,2024-08-21
10718,15669,2024-08-20
10598,15795,2024-08-19
10707,15765,2024-08-16
10700,15769,2024-08-15
10800,15964,2024-08-14
10896,16043,2024-08-13
10858,15994,2024-08-12
10993,16032,2024-08-09
11022,16181,2024-08-08
11190,16264,2024-08-07
11320,16235,2024-08-06
10929,16315,2024-08-05
10894,16324,2024-08-02
10863,16375,2024-08-01
10593,16402,2024-07-31
10654,16367,2024-07-30
10640,16375,2024-07-29
10738,16349,2024-07-26
10547,16305,2024-07-25
10436,16285,2024-07-24
10403,16309,2024-07-23
10344,16280,2024-07-22
10393,16241,2024-07-19
10323,16210,2024-07-18
10277,16284,2024-07-17
10296,16255,2024-07-16
10196,16235,2024-07-15
10075,16281,2024-07-12
10117,16337,2024-07-11
10171,16362,2024-07-10
10160,16346,2024-07-09
10198,16394,2024-07-08
10183,16423,2024-07-05
10180,16469,2024-07-04
10186,16466,2024-07-03
10206,16437,2024-07-02
10240,16476,2024-07-01
10280,16503,2024-06-28
10330,16517,2024-06-27
10321,16461,2024-06-26
10341,16513,2024-06-25
10418,16540,2024-06-24
10427,16502,2024-06-21
10427,16450,2024-06-20
10432,16456,2024-06-19
10408,16367,2024-06-14
10416,16378,2024-06-13
10411,16376,2024-06-12
10426,16371,2024-06-11
10484,16299,2024-06-10
10471,16360,2024-06-07
10480,16363,2024-06-06
10493,16301,2024-06-05
10380,16306,2024-06-04
10391,16332,2024-06-03
10405,16334,2024-05-31
10338,16241,2024-05-30
10311,16175,2024-05-29
10291,16144,2024-05-28
10278,16075,2024-05-27
10309,16104,2024-05-22
10314,16060,2024-05-21
10305,16058,2024-05-20
10379,16024,2024-05-17
10347,16150,2024-05-16
10362,16212,2024-05-15
10372,16165,2024-05-14
10404,16161,2024-05-13
10471,16134,2024-05-08
10471,16105,2024-05-07
10554,16174,2024-05-06
10473,16283,2024-05-03
10428,16357,2024-05-02
10498,16330,2024-04-30
10429,16303,2024-04-29
10468,16289,2024-04-26
10485,16242,2024-04-25
10545,16325,2024-04-24
10543,16305,2024-04-23
10593,16361,2024-04-22
10539,16258,2024-04-19
10556,16321,2024-04-18
10530,16257,2024-04-17
10541,15952,2024-04-16
10539,15987,2024-04-05
10550,16003,2024-04-04
10560,16014,2024-04-03
10565,15989,2024-04-02
10534,15952,2024-04-01
10503,15932,2024-03-28
10492,15876,2024-03-27
10491,15874,2024-03-26
10469,15852,2024-03-25
10409,15740,2024-03-22
10434,15806,2024-03-21
10507,15791,2024-03-20
10563,15750,2024-03-19
10567,15702,2024-03-18
10593,15660,2024-03-15
10603,15654,2024-03-14
10606,15681,2024-03-13
10635,15736,2024-03-08
10563,15802,2024-03-07
10530,15835,2024-03-06
10512,15802,2024-03-05
10480,15774,2024-03-04
10556,15794,2024-03-01
10449,15751,2024-02-29
10465,15733,2024-02-28
10442,15713,2024-02-27
10407,15667,2024-02-26
10462,15708,2024-02-23
10482,15736,2024-02-22
10466,15737,2024-02-21
10475,15708,2024-02-20
10471,15732,2024-02-19
10442,15684,2024-02-16
10469,15663,2024-02-15
10523,15690,2024-02-13
10662,15763,2024-02-12
10647,15813,2024-02-07
10629,15784,2024-02-06
10755,15766,2024-02-05
10801,15854,2024-02-02
10759,15882,2024-02-01
10777,15875,2024-01-31
10763,15904,2024-01-30
10767,15908,2024-01-29
10731,15846,2024-01-26
10693,15798,2024-01-25
10659,15734,2024-01-24
10607,15705,2024-01-23
10594,15706,2024-01-22
10626,15708,2024-01-19
10636,15717,2024-01-18
10720,15670,2024-01-17
10749,15633,2024-01-16
10773,15637,2024-01-15
10754,15636,2024-01-12
10795,15646,2024-01-11
10826,15596,2024-01-10
10803,15600,2024-01-09
10756,15596,2024-01-08
10879,15603,2024-01-05
10932,15572,2024-01-04
10987,15550,2024-01-03
10976,15516,2024-01-02
11011,15493,2023-12-29
10859,15491,2023-12-28
10940,15566,2023-12-27
10897,15611,2023-12-22
10858,15590,2023-12-21
10805,15584,2023-12-20
10954,15594,2023-12-19
10978,15581,2023-12-18
10970,15570,2023-12-15
10775,15707,2023-12-14
10797,15709,2023-12-13
10719,15692,2023-12-12
10817,15578,2023-12-11
10722,15614,2023-12-08
10606,15582,2023-12-07
10614,15582,2023-12-06
10559,15523,2023-12-05
10524,15602,2023-12-04
10582,15561,2023-12-01
10495,15461,2023-11-30
10457,15527,2023-11-29
10470,15605,2023-11-28
10485,15665,2023-11-27
10502,15671,2023-11-24
10515,15662,2023-11-23
10513,15513,2023-11-22
10406,15496,2023-11-21
10358,15582,2023-11-20
10354,15673,2023-11-17
10343,15581,2023-11-16
10405,15778,2023-11-15
10408,15792,2023-11-14
10418,15771,2023-11-13
10423,15727,2023-11-10
10426,15707,2023-11-09
10415,15671,2023-11-08
10441,15628,2023-11-07
10543,15850,2023-11-06
10599,15940,2023-11-03
10589,16026,2023-11-02
10629,15976,2023-11-01
10699,15996,2023-10-31
10669,16021,2023-10-30
10643,16013,2023-10-27
10642,15950,2023-10-26
10671,15948,2023-10-25
10688,16023,2023-10-24
10626,15935,2023-10-23
10626,15917,2023-10-20
10559,15810,2023-10-19
10559,15797,2023-10-18
10560,15795,2023-10-17
10550,15788,2023-10-16
10580,15781,2023-10-13
10611,15789,2023-10-12
10596,15787,2023-10-11
10561,15753,2023-10-10
10550,15706,2023-10-09
10519,15679,2023-10-06
10558,15714,2023-10-05
10468,15678,2023-10-04
10417,15597,2023-10-03
10462,15564,2023-10-02
10473,15604,2023-09-29
10443,15541,2023-09-27
10424,15476,2023-09-26
10427,15460,2023-09-25
10438,15474,2023-09-22
10448,15473,2023-09-21
10472,15458,2023-09-20
10460,15450,2023-09-19
10453,15444,2023-09-18
10480,15434,2023-09-15
10487,15444,2023-09-14
10503,15421,2023-09-13
10555,15429,2023-09-12
10461,15418,2023-09-11
10452,15411,2023-09-08
10440,15384,2023-09-07
10438,15336,2023-09-06
10468,15323,2023-09-05
10543,15328,2023-09-04
10499,15313,2023-09-01
10463,15315,2023-08-31
10475,15339,2023-08-30
10492,15370,2023-08-29
10529,15373,2023-08-28
10548,15329,2023-08-25
10589,15396,2023-08-24
10569,15403,2023-08-23
10593,15406,2023-08-22
10591,15385,2023-08-21
10582,15385,2023-08-18
10576,15423,2023-08-16
10635,15400,2023-08-15
10582,15301,2023-08-14
10626,15280,2023-08-11
10666,15282,2023-08-10
10694,15305,2023-08-09
10733,15254,2023-08-08
10688,15244,2023-08-07
10689,15274,2023-08-04
10691,15247,2023-08-03
10644,15193,2023-08-02
10669,15167,2023-08-01
10845,15158,2023-07-31
10774,15078,2023-07-28
10741,15107,2023-07-27
10668,15082,2023-07-26
10675,15103,2023-07-25
10685,15101,2023-07-24
10792,15066,2023-07-21
10901,15069,2023-07-20
10878,15082,2023-07-18
10868,15020,2023-07-17
10881,15053,2023-07-14
10862,15159,2023-07-13
10846,15238,2023-07-12
10728,15268,2023-07-11
10620,15212,2023-07-10
10522,15137,2023-07-07
10453,15088,2023-07-06
10447,15093,2023-07-05
10435,15109,2023-07-04
10502,15075,2023-07-03
10545,15101,2023-06-27
10543,15073,2023-06-26
10570,14993,2023-06-23
10596,15057,2023-06-22
10663,15115,2023-06-21
10628,15069,2023-06-20
10640,15020,2023-06-19
10631,15018,2023-06-16
10695,14969,2023-06-15
10711,14942,2023-06-14
10717,14948,2023-06-13
10694,14927,2023-06-12
10719,14978,2023-06-09
10721,14949,2023-06-08
10716,14913,2023-06-07
10655,14962,2023-06-06
10789,15078,2023-06-05
10727,15044,2023-05-31
10715,15048,2023-05-30
10774,15034,2023-05-29
10780,15027,2023-05-26
10806,14980,2023-05-25
10802,14952,2023-05-24
10863,14971,2023-05-23
10866,15011,2023-05-22
10916,14949,2023-05-19
10964,14884,2023-05-17
10946,14886,2023-05-16
10998,14826,2023-05-15
10989,14796,2023-05-12
10959,14820,2023-05-11
10998,14831,2023-05-10
10952,14783,2023-05-09
11003,14747,2023-05-08
10922,14705,2023-05-05
10885,14780,2023-05-04
10740,14777,2023-05-03
10860,14734,2023-05-02
11080,14825,2023-04-28
11208,14956,2023-04-27
11125,14929,2023-04-26
11077,14847,2023-04-18
11149,14739,2023-04-17
11177,14866,2023-04-14
11165,14940,2023-04-13
11239,14962,2023-04-12
11339,14980,2023-04-11
11429,15018,2023-04-10
11422,15008,2023-04-06
11300,14988,2023-04-05
11279,15065,2023-04-04
11301,15052,2023-04-03
11429,15137,2023-03-31
11495,15169,2023-03-30
11562,15163,2023-03-29
11645,15250,2023-03-28
11718,15265,2023-03-27
11704,15426,2023-03-24
11780,15449,2023-03-21
11611,15441,2023-03-20
11643,15495,2023-03-17
11452,15442,2023-03-16
11578,15457,2023-03-15
11488,15451,2023-03-14
11408,15545,2023-03-13
11336,15515,2023-03-10
11297,15528,2023-03-09
11377,15436,2023-03-08
11329,15378,2023-03-07
11284,15383,2023-03-06
11224,15349,2023-03-03
11273,15326,2023-03-02
11199,15316,2023-03-01
11281,15350,2023-02-28
11339,15292,2023-02-27
11316,15263,2023-02-24
11359,15294,2023-02-23
11330,15255,2023-02-22
11371,15244,2023-02-21
11324,15275,2023-02-20
11396,15252,2023-02-17
11459,15270,2023-02-16
11541,15244,2023-02-15
11572,15292,2023-02-14
11687,15216,2023-02-13
11594,15196,2023-02-10
11607,15198,2023-02-09
11511,15215,2023-02-08
11473,15130,2023-02-07
11642,14972,2023-02-06
11617,14942,2023-02-03
11576,15066,2023-02-02
11581,15067,2023-02-01
11607,15054,2023-01-31
11584,15053,2023-01-30
11608,15039,2023-01-27
11524,15033,2023-01-26
11562,15005,2023-01-25
11788,15197,2023-01-24
11849,15189,2023-01-20
11688,15213,2023-01-19
11837,15230,2023-01-18
11798,15094,2023-01-17
11876,15253,2023-01-16
11737,15443,2023-01-13
11785,15605,2023-01-12
11855,15667,2023-01-11
11840,15652,2023-01-10
11698,15713,2023-01-09
11845,15688,2023-01-06
12050,15693,2023-01-05
12037,15668,2023-01-04
11951,15650,2023-01-03
11856,15670,2023-01-02
11817,15810,2022-12-30
11792,15782,2022-12-29
11842,15737,2022-12-28
11842,15714,2022-12-27
11836,15683,2022-12-26
11875,15672,2022-12-23
11906,15679,2022-12-22
11837,15686,2022-12-21
11562,15699,2022-12-20
11440,15695,2022-12-19
11567,15708,2022-12-16
11583,15697,2022-12-15
11456,15739,2022-12-14
11500,15720,2022-12-13
11483,15665,2022-12-12
11482,15702,2022-12-09
11427,15697,2022-12-08
11429,15654,2022-12-07
11464,15486,2022-12-06
11508,15506,2022-12-05
11496,15695,2022-12-02
11421,15821,2022-12-01
11451,15816,2022-11-30
11423,15808,2022-11-29
11345,15746,2022-11-28
11314,15725,2022-11-25
11175,15779,2022-11-24
11137,15795,2022-11-23
11203,15786,2022-11-22
11276,15770,2022-11-21
11322,15765,2022-11-18
11259,15688,2022-11-17
11228,15642,2022-11-16
11175,15577,2022-11-15
11030,15570,2022-11-14
10792,15780,2022-11-11
10813,15732,2022-11-10
10743,15762,2022-11-09
10689,15770,2022-11-08
10701,15815,2022-11-07
10653,15759,2022-11-04
10678,15730,2022-11-03
10632,15725,2022-11-02
10590,15674,2022-11-01
10618,15620,2022-10-31
10743,15651,2022-10-28
10660,15674,2022-10-27
10542,15694,2022-10-26
10498,15668,2022-10-25
10427,15688,2022-10-24
10447,15657,2022-10-21
10425,15568,2022-10-20
10437,15546,2022-10-19
10467,15557,2022-10-18
10486,15467,2022-10-17
10511,15434,2022-10-14
10570,15450,2022-10-13
10604,15439,2022-10-12
10573,15376,2022-10-11
10577,15322,2022-10-10
10561,15273,2022-10-07
10573,15272,2022-10-06
10614,15352,2022-10-05
10597,15369,2022-10-04
10610,15308,2022-10-03
10589,15323,2022-09-30
10595,15319,2022-09-29
10555,15231,2022-09-28
10565,15195,2022-09-27
10617,15110,2022-09-26
10366,15108,2022-09-23
10495,15086,2022-09-22
10487,15050,2022-09-21
10491,15055,2022-09-20
10466,15014,2022-09-19
10429,14974,2022-09-16
10467,14998,2022-09-15
10502,14935,2022-09-14
10443,14913,2022-09-13
10479,14920,2022-09-12
10415,14980,2022-09-09
10424,15002,2022-09-08
10568,14959,2022-09-07
10668,14995,2022-09-06
10676,14975,2022-09-05
10738,14958,2022-09-02
10771,14927,2022-09-01
10798,14949,2022-08-31
10788,14961,2022-08-30
10870,14888,2022-08-29
10918,14901,2022-08-26
10930,14925,2022-08-25
10903,14967,2022-08-24
10931,14956,2022-08-23
10923,14932,2022-08-22
11013,14896,2022-08-19
11105,14841,2022-08-18
11087,14801,2022-08-16
11076,14761,2022-08-15
11227,14873,2022-08-12
11079,14949,2022-08-11
11070,14936,2022-08-10
11100,14990,2022-08-09
11241,14979,2022-08-08
11184,15004,2022-08-05
11250,14992,2022-08-04
11438,14962,2022-08-03
11273,14948,2022-08-02
11247,14934,2022-08-01
11089,15033,2022-07-29
11022,15095,2022-07-28
11023,15059,2022-07-27
11049,15067,2022-07-26
10975,15099,2022-07-25
10889,15092,2022-07-22
10904,15059,2022-07-21
10941,15067,2022-07-20
10911,15061,2022-07-19
10854,15074,2022-07-18
10834,15074,2022-07-15
10990,15060,2022-07-14
10975,15068,2022-07-13
10995,15044,2022-07-12
11095,15056,2022-07-11
11059,15061,2022-07-08
11160,15090,2022-07-07
11093,15065,2022-07-06
11107,15035,2022-07-05
11094,15031,2022-07-04
10979,14956,2022-07-01
10960,14922,2022-06-30
10989,14911,2022-06-29
11023,14876,2022-06-28
11064,14920,2022-06-27
11008,14909,2022-06-24
10958,14934,2022-06-23
10998,14878,2022-06-22
11063,14910,2022-06-21
11076,14902,2022-06-20
11128,14815,2022-06-17
11012,14820,2022-06-16
11031,14803,2022-06-15
10977,14745,2022-06-14
10941,14642,2022-06-13
10942,14628,2022-06-10
10875,14549,2022-06-09
10950,14536,2022-06-08
11117,14534,2022-06-07
11158,14503,2022-06-06
11238,14599,2022-06-03
11463,14665,2022-06-02
11483,14617,2022-05-31
11533,14651,2022-05-30
11586,14718,2022-05-27
11558,14726,2022-05-25
11557,14738,2022-05-24
11507,14734,2022-05-23
11581,14805,2022-05-20
11418,14755,2022-05-19
11383,14724,2022-05-18
11410,14692,2022-05-17
11393,14658,2022-05-13
11262,14619,2022-05-12
11243,14619,2022-05-11
11136,14607,2022-05-10
11117,14552,2022-05-09
11326,14490,2022-04-28
11326,14484,2022-04-27
11337,14524,2022-04-26
11253,14433,2022-04-25
11262,14420,2022-04-22
11231,14423,2022-04-21
11235,14419,2022-04-20
11396,14428,2022-04-19
11497,14421,2022-04-18
11447,14431,2022-04-14
11488,14436,2022-04-13
11523,14442,2022-04-12
11634,14437,2022-04-11
11666,14431,2022-04-08
11663,14436,2022-04-07
11742,14420,2022-04-06
11774,14434,2022-04-05
11782,14436,2022-04-04
11815,14429,2022-04-01
11854,14421,2022-03-31
11671,14436,2022-03-30
11579,14432,2022-03-29
11860,14413,2022-03-28
11867,14433,2022-03-25
11927,14423,2022-03-24
11978,14430,2022-03-23
12090,14413,2022-03-22
12126,14412,2022-03-21
12099,14361,2022-03-18
12158,14383,2022-03-17
12216,14393,2022-03-16
12228,14400,2022-03-15
12295,14378,2022-03-14
12405,14369,2022-03-11
12471,14443,2022-03-10
12519,14466,2022-03-09
12598,14483,2022-03-08
12527,14455,2022-03-07
12543,14445,2022-03-04
12550,14422,2022-03-02
12526,14441,2022-03-01
12597,14443,2022-02-25
12532,14427,2022-02-24
12566,14434,2022-02-23
12530,14401,2022-02-22
12511,14411,2022-02-21
12491,14373,2022-02-18
12401,14349,2022-02-17
12428,14363,2022-02-16
12517,14410,2022-02-15
12435,14431,2022-02-14
12475,14416,2022-02-11
12511,14438,2022-02-10
12533,14457,2022-02-09
12577,14476,2022-02-08
12555,14448,2022-02-07
12606,14453,2022-02-04
12591,14419,2022-02-03
12528,14464,2022-02-02
12510,14453,2022-01-31
12581,14457,2022-01-28
12629,14418,2022-01-27
12668,14430,2022-01-26
12682,14399,2022-01-25
12649,14419,2022-01-24
12625,14426,2022-01-21
12621,14442,2022-01-20
12553,14397,2022-01-19
12583,14395,2022-01-18
12636,14382,2022-01-17
12563,14383,2022-01-14
12461,14374,2022-01-13
12462,14371,2022-01-12
12446,14395,2022-01-11
12466,14432,2022-01-10
12497,14468,2022-01-07
12453,14437,2022-01-06
12415,14382,2022-01-05
12443,14341,2022-01-04
12468,14349,2022-01-03
12451,14340,2021-12-31
12470,14336,2021-12-30
12462,14308,2021-12-29
12472,14296,2021-12-28
12494,14290,2021-12-27
12529,14322,2021-12-24
12542,14335,2021-12-23
12695,14421,2021-12-22
12749,14456,2021-12-21
12636,14415,2021-12-20
12636,14415,2021-12-17
12673,14409,2021-12-16
12687,14420,2021-12-15
12687,14418,2021-12-14
12714,14450,2021-12-13
12714,14423,2021-12-10
12701,14420,2021-12-09
12739,14480,2021-12-08
12825,14513,2021-12-07
12772,14480,2021-12-06
12768,14450,2021-12-03
12709,14425,2021-12-02
12754,14392,2021-12-01
12719,14412,2021-11-30
12556,14351,2021-11-29
12443,14351,2021-11-26
12465,14343,2021-11-25
12515,14343,2021-11-24
12553,14326,2021-11-23
12498,14308,2021-11-22
12527,14302,2021-11-19
12480,14330,2021-11-18
12511,14282,2021-11-17
12530,14277,2021-11-16
12553,14314,2021-11-15
12592,14359,2021-11-12
12662,14324,2021-11-11
12670,14304,2021-11-10
12638,14339,2021-11-09
12699,14446,2021-11-08
12631,14399,2021-11-05
12623,14373,2021-11-04
12628,14332,2021-11-03
12526,14306,2021-11-02
12528,14242,2021-11-01
12561,14270,2021-10-29
12544,14255,2021-10-28
12484,14236,2021-10-27
12551,14254,2021-10-26
12488,14233,2021-10-25
12456,14204,2021-10-22
12420,14150,2021-10-21
12385,14166,2021-10-19
12390,14154,2021-10-18
12544,14226,2021-10-15
12586,14292,2021-10-14
12602,14288,2021-10-13
12650,14281,2021-10-12
12772,14296,2021-10-11
12844,14309,2021-10-08
12835,14316,2021-10-07
12894,14331,2021-10-06
12903,14347,2021-10-05
12947,14387,2021-10-04
12857,14393,2021-10-01
12916,14379,2021-09-30
12886,14340,2021-09-29
12921,14329,2021-09-28
12972,14321,2021-09-27
13032,14327,2021-09-24
13080,14320,2021-09-23
13068,14315,2021-09-22
13061,14322,2021-09-21
13009,14304,2021-09-20
13083,14309,2021-09-17
13100,14323,2021-09-16
13022,14328,2021-09-15
13015,14331,2021-09-14
13009,14296,2021-09-13
13054,14343,2021-09-10
13015,14337,2021-09-09
12980,14266,2021-09-08
13025,14310,2021-09-07
13034,14332,2021-09-06
13049,14352,2021-09-03
13009,14355,2021-09-02
13084,14378,2021-09-01
13154,14446,2021-08-31
13173,14503,2021-08-30
13158,14495,2021-08-27
13196,14480,2021-08-26
13174,14463,2021-08-25
13176,14487,2021-08-24
13253,14536,2021-08-23
13221,14486,2021-08-20
13187,14456,2021-08-19
13224,14455,2021-08-18
13113,14460,2021-08-16
13103,14461,2021-08-13
13099,14469,2021-08-12
13117,14450,2021-08-10
13154,14441,2021-08-09
13155,14414,2021-08-06
13185,14396,2021-08-05
13225,14434,2021-08-04
13250,14528,2021-08-03
13273,14534,2021-08-02
13261,14563,2021-07-30
13254,14570,2021-07-29
13232,14561,2021-07-28
13215,14566,2021-07-27
13191,14574,2021-07-26
13226,14581,2021-07-23
13290,14627,2021-07-22
13304,14597,2021-07-21
13256,14590,2021-07-19
13283,14576,2021-07-16
13181,14565,2021-07-15
13194,14558,2021-07-14
13223,14558,2021-07-13
13282,14621,2021-07-12
13310,14621,2021-07-09
13162,14573,2021-07-08
13124,14540,2021-07-07
13124,14554,2021-07-06
13131,14637,2021-07-05
13116,14612,2021-07-02
13231,14615,2021-07-01
13172,14568,2021-06-30
13139,14544,2021-06-29
13112,14519,2021-06-28
13109,14534,2021-06-25
13101,14526,2021-06-24
13118,14493,2021-06-23
13214,14525,2021-06-22
13142,14475,2021-06-21
13059,14450,2021-06-18
13034,14328,2021-06-17
13000,14315,2021-06-16
13036,14293,2021-06-15
13035,14277,2021-06-14
13073,14311,2021-06-11
13092,14333,2021-06-10
13092,14333,2021-06-09
13112,14342,2021-06-08
13062,14388,2021-06-07
13087,14368,2021-06-04
13061,14347,2021-06-03
13098,14363,2021-06-02
13092,14382,2021-06-01
13092,14382,2021-05-31
13174,14384,2021-05-28
13251,14407,2021-05-27
13252,14434,2021-05-26
13252,14434,2021-05-25
13300,14447,2021-05-24
13283,14468,2021-05-21
13188,14385,2021-05-20
13201,14372,2021-05-19
13146,14355,2021-05-18
13120,14274,2021-05-17
13117,14269,2021-05-14
13117,14269,2021-05-13
13117,14269,2021-05-12
13117,14269,2021-05-11
13158,14360,2021-05-10
13217,14436,2021-05-07
13270,14511,2021-05-06
13256,14503,2021-05-05
13262,14539,2021-05-04
13338,14525,2021-05-03
13343,14540,2021-04-30
13388,14583,2021-04-29
13448,14569,2021-04-28
13522,14561,2021-04-27
13550,14621,2021-04-26
13517,14603,2021-04-23
13512,14622,2021-04-22
13443,14581,2021-04-21
13546,14641,2021-04-20
13473,14665,2021-04-19
13534,14719,2021-04-16
13498,14706,2021-04-15
13464,14721,2021-04-14
13433,14704,2021-04-13
13360,14653,2021-04-12
13389,14653,2021-04-09
13278,14586,2021-04-08
13216,14592,2021-04-07
13207,14606,2021-04-06
13231,14657,2021-04-05
13239,14650,2021-04-02
13239,14650,2021-04-01
13234,14645,2021-03-31
13244,14553,2021-03-30
13246,14506,2021-03-29
13294,14518,2021-03-26
13346,14536,2021-03-25
13390,14527,2021-03-24
13328,14493,2021-03-23
13348,14528,2021-03-22
13345,14548,2021-03-19
13283,14484,2021-03-18
13318,14531,2021-03-17
13277,14496,2021-03-16
13275,14490,2021-03-15
13284,14443,2021-03-12
13323,14493,2021-03-11
13323,14493,2021-03-10
13318,14540,2021-03-09
13344,14462,2021-03-08
13380,14443,2021-03-05
13420,14371,2021-03-04
13485,14406,2021-03-03
13461,14379,2021-03-02
13475,14372,2021-03-01
13497,14300,2021-02-26
13372,14175,2021-02-25
13430,14159,2021-02-24
13530,14197,2021-02-23
13412,14168,2021-02-22
13392,14155,2021-02-19
13356,14129,2021-02-18
13298,14089,2021-02-17
13210,13944,2021-02-16
13348,14016,2021-02-15
13462,14081,2021-02-12
13462,14081,2021-02-11
13434,14059,2021-02-10
13400,14070,2021-02-09
13336,14070,2021-02-08
13394,14132,2021-02-05
13428,14106,2021-02-04
13424,14087,2021-02-03
13456,14114,2021-02-02
13479,14112,2021-02-01
13551,14154,2021-01-29
13606,14190,2021-01-28
13658,14161,2021-01-27
13651,14156,2021-01-26
13638,14152,2021-01-25
13641,14124,2021-01-22
13625,14109,2021-01-21
13622,14135,2021-01-20
13626,14156,2021-01-19
13642,14150,2021-01-18
13626,14138,2021-01-15
13629,14190,2021-01-14
13692,14180,2021-01-13
13716,14302,2021-01-12
13659,14226,2021-01-11
13603,14128,2021-01-08
13576,14008,2021-01-07
13616,13996,2021-01-06
13591,14015,2021-01-05
13566,13973,2021-01-04
13716,14176,2020-12-31
13716,14176,2020-12-30
13728,14240,2020-12-29
13766,14255,2020-12-28
13863,14353,2020-12-25
13863,14353,2020-12-24
13863,14353,2020-12-23
13823,14289,2020-12-22
13790,14251,2020-12-21
13764,14217,2020-12-18
13764,14223,2020-12-17
13726,14222,2020-12-16
13688,14242,2020-12-15
13682,14229,2020-12-14
13629,14173,2020-12-11
13611,14201,2020-12-10
13682,14235,2020-12-09
13682,14235,2020-12-08
13663,14206,2020-12-07
13730,14253,2020-12-04
13638,14248,2020-12-03
13638,14235,2020-12-02
13655,14249,2020-12-01
13671,14199,2020-11-30
13662,14216,2020-11-27
13613,14201,2020-11-26
13621,14240,2020-11-25
13646,14267,2020-11-24
13720,14235,2020-11-23
13765,14299,2020-11-20
13715,14238,2020-11-19
13628,14189,2020-11-18
13536,14143,2020-11-17
13597,14210,2020-11-16
13625,14293,2020-11-13
13540,14258,2020-11-12
13459,14146,2020-11-11
13430,14085,2020-11-10
13783,14243,2020-11-09
13891,14393,2020-11-06
13913,14511,2020-11-05
13950,14630,2020-11-04
14020,14682,2020-11-03
14137,14792,2020-11-02
14099,14763,2020-10-30
14099,14763,2020-10-29
14099,14763,2020-10-28
14099,14763,2020-10-27
14089,14770,2020-10-26
14145,14812,2020-10-23
14109,14770,2020-10-22
13981,14731,2020-10-21
14026,14803,2020-10-20
14058,14815,2020-10-19
14100,14840,2020-10-16
14101,14834,2020-10-15
14098,14854,2020-10-14
14111,14867,2020-10-13
14040,14820,2020-10-12
13990,14811,2020-10-09
13985,14824,2020-10-08
14061,14858,2020-10-07
13991,14786,2020-10-06
14158,14941,2020-10-05
14172,14964,2020-10-02
14171,14950,2020-10-01
14185,14993,2020-09-30
14214,14995,2020-09-29
14266,15034,2020-09-28
14244,15026,2020-09-25
14250,15024,2020-09-24
14184,14909,2020-09-23
14216,14856,2020-09-22
14181,14797,2020-09-21
14157,14842,2020-09-18
14231,14952,2020-09-17
14167,14918,2020-09-16
14148,14944,2020-09-15
14181,15049,2020-09-14
14182,15054,2020-09-11
14077,14945,2020-09-10
14093,14927,2020-09-09
13995,14872,2020-09-08
13956,14828,2020-09-07
14003,14866,2020-09-04
14019,14892,2020-09-03
14033,14878,2020-09-02
13905,14688,2020-09-01
13872,14627,2020-08-31
13835,14776,2020-08-28
13948,14788,2020-08-27
13819,14709,2020-08-26
13887,14705,2020-08-25
14061,14868,2020-08-24
14095,14860,2020-08-19
14180,14982,2020-08-18
14019,14992,2020-08-14
14009,14951,2020-08-13
13925,14851,2020-08-12
13965,14802,2020-08-11
14015,14824,2020-08-10
13942,14720,2020-08-07
13888,14660,2020-08-06
13923,14696,2020-08-05
13919,14770,2020-08-04
13972,14787,2020-08-03
14016,14726,2020-07-30
13934,14643,2020-07-29
13877,14616,2020-07-28
13896,14678,2020-07-27
13783,14687,2020-07-24
13761,14742,2020-07-23
13798,14728,2020-07-22
13888,14887,2020-07-21
13884,14906,2020-07-20
13851,14854,2020-07-17
13750,14705,2020-07-16
13697,14689,2020-07-15
13605,14585,2020-07-14
13628,14558,2020-07-13
13610,14574,2020-07-10
13531,14518,2020-07-09
13502,14532,2020-07-08
13534,14528,2020-07-07
13572,14620,2020-07-06
13615,14639,2020-07-03
13573,14589,2020-07-02
13377,14413,2020-07-01
13348,14374,2020-06-30
13470,14441,2020-06-29
13354,14310,2020-06-26
13355,14302,2020-06-25
13366,14231,2020-06-24
13383,14336,2020-06-23
13362,14280,2020-06-22
13387,14313,2020-06-19
13349,14257,2020-06-18
13338,14305,2020-06-17
13246,14226,2020-06-16
13335,14299,2020-06-15
13412,14328,2020-06-12
13165,14084,2020-06-11
13137,14153,2020-06-10
12986,14043,2020-06-09
12811,14026,2020-06-08
12991,14171,2020-06-05
13072,14236,2020-06-04
13201,14316,2020-06-03
13541,14575,2020-06-02
13785,14807,2020-05-29
13764,14843,2020-05-28
13808,14835,2020-05-27
13767,14848,2020-05-26
13790,14859,2020-05-20
13871,14897,2020-05-19
13966,14959,2020-05-18
13962,14984,2020-05-15
14055,15021,2020-05-14
13953,14961,2020-05-13
14008,15053,2020-05-12
14051,15011,2020-05-11
14186,15084,2020-05-08
14306,15203,2020-05-06
14244,15180,2020-05-05
14198,15148,2020-05-04
14275,15233,2020-04-30
14545,15492,2020-04-29
14512,15565,2020-04-28
14580,15669,2020-04-27
14523,15631,2020-04-24
14582,15708,2020-04-23
14521,15645,2020-04-22
14601,15721,2020-04-21
14493,15621,2020-04-20
14468,15581,2020-04-17
14712,15866,2020-04-16
14739,15786,2020-04-15
14685,15801,2020-04-14
14720,15919,2020-04-13
14983,16322,2020-04-09
15013,16326,2020-04-08
15161,16492,2020-04-07
15278,16639,2020-04-06
15341,16546,2020-04-03
15668,16825,2020-04-02
15300,16495,2020-04-01
15163,16449,2020-03-31
15304,16418,2020-03-30
15047,16311,2020-03-27
14826,16410,2020-03-26
15032,16568,2020-03-24
15149,16691,2020-03-23
14858,16354,2020-03-20
14477,15791,2020-03-19
14266,15299,2020-03-18
14257,15158,2020-03-17
13880,14892,2020-03-16
14163,14889,2020-03-13
14092,14562,2020-03-12
13720,14395,2020-03-11
14038,14483,2020-03-10
14117,14414,2020-03-09
13538,14338,2020-03-06
13264,14239,2020-03-05
13278,14242,2020-03-04
13226,14293,2020-03-03
13411,14485,2020-03-02
13084,14305,2020-02-28
12779,14088,2020-02-27
12718,14036,2020-02-26
12590,13962,2020-02-25
12495,13932,2020-02-24
12367,13846,2020-02-21
12407,13804,2020-02-20
12532,13786,2020-02-19
12526,13744,2020-02-18
12531,13761,2020-02-17
12545,13776,2020-02-14
12503,13747,2020-02-13
12495,13727,2020-02-12
12517,13754,2020-02-11
12545,13777,2020-02-10
12479,13715,2020-02-07
12497,13730,2020-02-06
12595,13786,2020-02-05
12728,13829,2020-02-04
12713,13795,2020-02-03
12589,13730,2020-01-31
12600,13720,2020-01-30
12549,13702,2020-01-29
12590,13715,2020-01-28
12561,13680,2020-01-27
12517,13700,2020-01-24
12489,13694,2020-01-23
12500,13746,2020-01-22
12484,13726,2020-01-21
12453,13722,2020-01-20
12448,13716,2020-01-17
12488,13726,2020-01-16
12535,13775,2020-01-15
12471,13722,2020-01-14
12569,13777,2020-01-13
12676,13881,2020-01-10
12758,13929,2020-01-09
12947,14004,2020-01-08
12900,13989,2020-01-07
12989,14031,2020-01-06
12925,13969,2020-01-03
12853,13964,2020-01-02
12862,13971,2019-12-31
12830,14015,2019-12-30
12811,14026,2019-12-27
12827,14052,2019-12-26
12839,14048,2019-12-23
12863,14063,2019-12-20
12824,14053,2019-12-19
12864,14077,2019-12-18
12862,14088,2019-12-17
12867,14074,2019-12-16
12830,14052,2019-12-13
13004,14112,2019-12-12
12965,14095,2019-12-11
12956,14074,2019-12-10
12976,14091,2019-12-09
12978,14107,2019-12-06
13010,14164,2019-12-05
13079,14196,2019-12-04
13015,14201,2019-12-03
12936,14193,2019-12-02
12944,14173,2019-11-29
12947,14170,2019-11-28
12984,14166,2019-11-27
12982,14151,2019-11-26
13020,14161,2019-11-25
13044,14171,2019-11-22
13073,14183,2019-11-21
13056,14167,2019-11-20
13034,14161,2019-11-19
13002,14145,2019-11-18
13023,14139,2019-11-15
13034,14168,2019-11-14
12986,14152,2019-11-13
12945,14129,2019-11-12
12937,14110,2019-11-11
12903,14090,2019-11-08
12971,14110,2019-11-07
12896,14062,2019-11-06
12967,14101,2019-11-05
13004,14072,2019-11-04
13088,14136,2019-11-01
12957,14078,2019-10-31
12967,14114,2019-10-30
12939,14098,2019-10-29
12957,14093,2019-10-28
13011,14134,2019-10-25
12952,14066,2019-10-24
13035,14121,2019-10-23
13006,14128,2019-10-22
13094,14203,2019-10-21
13091,14211,2019-10-18
13094,14243,2019-10-17
13120,14258,2019-10-16
13119,14211,2019-10-15
13111,14197,2019-10-14
13166,14210,2019-10-11
13229,14228,2019-10-10
13301,14253,2019-10-09
13268,14241,2019-10-08
13319,14227,2019-10-07
13305,14206,2019-10-04
13313,14264,2019-10-03
13255,14278,2019-10-02
13187,14267,2019-10-01
13203,14245,2019-09-30
13249,14268,2019-09-27
13220,14233,2019-09-26
13244,14205,2019-09-25
13173,14169,2019-09-24
13137,14147,2019-09-23
13114,14155,2019-09-20
13100,14169,2019-09-19
13075,14150,2019-09-18
13109,14171,2019-09-17
13078,14090,2019-09-16
12963,14020,2019-09-13
13075,14122,2019-09-12
13130,14133,2019-09-11
13134,14101,2019-09-10
13250,14162,2019-09-09
13273,14211,2019-09-06
13337,14224,2019-09-05
13485,14289,2019-09-04
13439,14288,2019-09-03
13430,14261,2019-09-02
13433,14308,2019-08-30
13532,14325,2019-08-29
13551,14334,2019-08-28
13532,14306,2019-08-27
13620,14332,2019-08-26
13445,14320,2019-08-23
13438,14305,2019-08-22
13463,14330,2019-08-21
13448,14333,2019-08-20
13429,14274,2019-08-19
13486,14329,2019-08-16
13565,14367,2019-08-15
13460,14305,2019-08-14
13619,14354,2019-08-13
13550,14291,2019-08-12
13460,14266,2019-08-09
13467,14302,2019-08-08
13534,14346,2019-08-07
13585,14416,2019-08-06
13495,14302,2019-08-05
13331,14274,2019-08-02
12980,14168,2019-08-01
12987,14096,2019-07-31
12968,14104,2019-07-30
12981,14080,2019-07-29
12956,14071,2019-07-26
12998,14056,2019-07-25
13015,14081,2019-07-24
13000,14043,2019-07-23
12998,14033,2019-07-22
13004,13983,2019-07-19
13045,14046,2019-07-18
12963,14019,2019-07-17
12962,13995,2019-07-16
12993,14040,2019-07-15
13067,14155,2019-07-12
13110,14159,2019-07-11
13061,14223,2019-07-10
13049,14200,2019-07-09
13113,14218,2019-07-08
13187,14219,2019-07-05
13160,14177,2019-07-04
13230,14231,2019-07-03
13109,14211,2019-07-02
13112,14188,2019-07-01
13207,14212,2019-06-28
13198,14251,2019-06-27
13256,14245,2019-06-26
13265,14209,2019-06-25
13261,14236,2019-06-24
13242,14187,2019-06-21
13278,14307,2019-06-20
13220,14342,2019-06-19
13301,14406,2019-06-18
13279,14418,2019-06-17
13273,14376,2019-06-14
13253,14341,2019-06-13
13188,14305,2019-06-12
13196,14329,2019-06-11
13184,14302,2019-06-10
13232,14457,2019-05-31
13248,14489,2019-05-29
13202,14452,2019-05-28
13186,14432,2019-05-27
13251,14523,2019-05-24
13234,14586,2019-05-23
13171,14560,2019-05-22
13194,14534,2019-05-21
13203,14550,2019-05-20
13230,14541,2019-05-17
13273,14530,2019-05-16
13251,14520,2019-05-15
13248,14516,2019-05-14
13154,14434,2019-05-13
13114,14419,2019-05-10
13114,14410,2019-05-09
13069,14377,2019-05-08
12991,14381,2019-05-07
13014,14380,2019-05-06
12883,14353,2019-05-03
12831,14316,2019-05-02
12802,14286,2019-04-30
12777,14259,2019-04-29
12770,14259,2019-04-26
12711,14225,2019-04-25
12678,14183,2019-04-24
12660,14150,2019-04-23
12620,14126,2019-04-22
12584,14086,2019-04-18
12630,14136,2019-04-16
12625,14137,2019-04-15
12735,14224,2019-04-12
12815,14227,2019-04-11
12800,14226,2019-04-10
12775,14221,2019-04-09
12760,14216,2019-04-08
12741,14229,2019-04-05
12792,14253,2019-04-04
12855,14308,2019-04-02
12868,14302,2019-04-01
12921,14315,2019-03-29
13004,14326,2019-03-28
12919,14273,2019-03-27
12938,14242,2019-03-26
13023,14294,2019-03-25
12850,14228,2019-03-22
12816,14173,2019-03-21
12814,14302,2019-03-20
12860,14299,2019-03-19
12826,14313,2019-03-18
12869,14382,2019-03-15
12855,14324,2019-03-14
12901,14340,2019-03-13
12856,14322,2019-03-12
12964,14396,2019-03-11
12819,14294,2019-03-08
12701,14200,2019-03-06
12710,14217,2019-03-05
12704,14220,2019-03-04
12699,14182,2019-03-01
12746,14132,2019-02-28
12729,14074,2019-02-27
12692,14060,2019-02-26
12716,14077,2019-02-25
12777,14149,2019-02-22
12757,14127,2019-02-21
12745,14125,2019-02-20
12842,14190,2019-02-19
12826,14177,2019-02-18
12861,14187,2019-02-15
12761,14163,2019-02-14
12747,14097,2019-02-13
12816,14158,2019-02-12
12807,14065,2019-02-11
12815,14062,2019-02-08
12792,14048,2019-02-07
12781,14017,2019-02-06
12824,14046,2019-02-04
12905,14048,2019-02-01
12992,14142,2019-01-31
12979,14183,2019-01-30
12974,14168,2019-01-29
12897,14108,2019-01-28
12968,14234,2019-01-25
12979,14212,2019-01-24
13005,14259,2019-01-23
13039,14292,2019-01-22
13031,14283,2019-01-21
13037,14253,2019-01-18
13061,14229,2019-01-17
13111,14225,2019-01-16
13056,14154,2019-01-15
13052,14122,2019-01-14
13062,14146,2019-01-11
13122,14163,2019-01-10
13031,14191,2019-01-09
12984,14101,2019-01-08
13086,14176,2019-01-07
13351,14422,2019-01-04
13544,14546,2019-01-03
13289,14537,2019-01-02
13178,14553,2018-12-31
13215,14615,2018-12-28
13183,14636,2018-12-27
13290,14675,2018-12-26
13086,14552,2018-12-21
12959,14571,2018-12-20
12860,14452,2018-12-19
12955,14596,2018-12-18
12946,14690,2018-12-17
12878,14611,2018-12-14
12874,14609,2018-12-13
12913,14650,2018-12-12
12994,14686,2018-12-11
12992,14590,2018-12-10
12964,14612,2018-12-07
12921,14580,2018-12-06
12800,14455,2018-12-05
12673,14364,2018-12-04
12613,14323,2018-12-03
12711,14411,2018-11-30
12761,14480,2018-11-29
12837,14608,2018-11-28
12852,14577,2018-11-27
12913,14624,2018-11-26
12949,14625,2018-11-23
12981,14665,2018-11-22
13016,14691,2018-11-21
13012,14659,2018-11-19
12934,14667,2018-11-16
13070,14838,2018-11-15
13025,14829,2018-11-14
13167,14969,2018-11-13
13003,14821,2018-11-12
12909,14705,2018-11-09
12957,14724,2018-11-08
13048,14838,2018-11-07
13212,14965,2018-11-06
13292,15047,2018-11-05
13449,15164,2018-11-02
13531,15271,2018-11-01
13527,15303,2018-10-31
13603,15313,2018-10-30
13679,15294,2018-10-29
13610,15283,2018-10-26
13636,15286,2018-10-25
13574,15269,2018-10-24
13579,15284,2018-10-23
13569,15268,2018-10-22
13611,15297,2018-10-19
13566,15263,2018-10-18
13574,15254,2018-10-17
13650,15282,2018-10-16
13666,15322,2018-10-15
13606,15270,2018-10-12
13663,15329,2018-10-11
13532,15291,2018-10-10
13525,15309,2018-10-09
13416,15269,2018-10-08
13399,15258,2018-10-05
13306,15209,2018-10-04
13324,15163,2018-10-03
13220,15063,2018-10-02
13152,14980,2018-10-01
13211,15004,2018-09-28
13290,14994,2018-09-27
13298,15013,2018-09-26
13260,14967,2018-09-25
13269,14939,2018-09-24
13234,14898,2018-09-21
13300,14913,2018-09-20
13328,14970,2018-09-19
13387,14983,2018-09-18
13334,14933,2018-09-17
13331,14909,2018-09-14
13357,14868,2018-09-13
13401,14937,2018-09-12
13439,14909,2018-09-10
13528,14958,2018-09-07
13446,14965,2018-09-06
13449,15002,2018-09-05
13424,14914,2018-09-04
13380,14841,2018-09-03
13323,14785,2018-08-31
13195,14728,2018-08-30
13224,14716,2018-08-29
13196,14687,2018-08-28
13230,14683,2018-08-27
13224,14728,2018-08-24
13258,14693,2018-08-23
13306,14641,2018-08-21
13255,14651,2018-08-20
13252,14692,2018-08-16
13199,14694,2018-08-15
13268,14698,2018-08-14
13295,14656,2018-08-13
13077,14509,2018-08-10
13086,14494,2018-08-09
13030,14511,2018-08-08
13080,14557,2018-08-07
13072,14553,2018-08-06
13050,14576,2018-08-03
13009,14518,2018-08-02
12981,14514,2018-08-01
13050,14485,2018-07-31
13033,14481,2018-07-30
13113,14555,2018-07-27
13103,14515,2018-07-26
13112,14588,2018-07-25
13137,14614,2018-07-24
13094,14526,2018-07-23
12981,14593,2018-07-20
12853,14490,2018-07-19
12820,14478,2018-07-18
12869,14463,2018-07-17
12865,14468,2018-07-16
12816,14430,2018-07-13
12920,14507,2018-07-12
13024,14463,2018-07-11
12970,14398,2018-07-10
13039,14404,2018-07-09
13088,14481,2018-07-06
13095,14459,2018-07-05
13061,14415,2018-07-04
13068,14490,2018-07-03
12971,14403,2018-07-02
13104,14476,2018-06-29
13026,14342,2018-06-28
13007,14234,2018-06-27
13007,14234,2018-06-26
12944,14176,2018-06-25
12885,14173,2018-06-22
12808,14160,2018-06-21
12728,13972,2018-06-20
12728,13972,2018-06-19
12728,13972,2018-06-08
12670,13937,2018-06-07
12690,13944,2018-06-06
12707,13956,2018-06-05
12716,13941,2018-06-04
12905,14021,2018-05-31
12996,14102,2018-05-30
12925,14135,2018-05-28
12994,14237,2018-05-25
13029,14276,2018-05-24
12912,14263,2018-05-23
12845,14249,2018-05-22
12834,14247,2018-05-21
12780,14178,2018-05-18
12849,14144,2018-05-17
12852,14164,2018-05-16
12839,14090,2018-05-15
12850,14046,2018-05-14
12906,14118,2018-05-11
12924,14144,2018-05-09
12952,14106,2018-05-08
12881,14026,2018-05-07
12858,14013,2018-05-04
12797,14035,2018-05-03
12768,14006,2018-05-02
12784,13946,2018-04-30
12778,13948,2018-04-27
12804,14000,2018-04-26
12822,13957,2018-04-25
12847,13970,2018-04-24
12954,13963,2018-04-23
12890,13873,2018-04-20
12885,13847,2018-04-19
12906,13839,2018-04-18
12931,13839,2018-04-17
12894,13835,2018-04-16
12878,13822,2018-04-13
12938,13832,2018-04-12
12903,13816,2018-04-11
12900,13828,2018-04-10
12945,13840,2018-04-09
12907,13840,2018-04-06
12941,13836,2018-04-05
12987,13829,2018-04-04
13071,13834,2018-04-03
13001,13819,2018-04-02
12971,13825,2018-03-29
13086,13814,2018-03-28
13043,13777,2018-03-27
13196,13845,2018-03-26
13215,13849,2018-03-23
13070,13806,2018-03-22
12989,13828,2018-03-21
13025,13830,2018-03-20
13071,13834,2018-03-19
13053,13834,2018-03-16
13041,13817,2018-03-15
12971,13808,2018-03-14
13000,13826,2018-03-13
12982,13837,2018-03-12
12991,13863,2018-03-09
13050,13843,2018-03-08
13092,13832,2018-03-07
12987,13819,2018-03-06
13094,13809,2018-03-05
13038,13815,2018-03-02
12992,13862,2018-03-01
12856,13776,2018-02-28
12837,13718,2018-02-27
12890,13727,2018-02-26
12855,13738,2018-02-23
12803,13733,2018-02-22
12681,13650,2018-02-21
12784,13641,2018-02-20
12817,13609,2018-02-19
12792,13638,2018-02-15
12771,13725,2018-02-14
12616,13712,2018-02-13
12586,13677,2018-02-12
12587,13711,2018-02-09
12505,13670,2018-02-08
12429,13601,2018-02-07
12553,13646,2018-02-06
12340,13565,2018-02-05
12326,13495,2018-02-02
12317,13469,2018-02-01
12381,13480,2018-01-31
12346,13465,2018-01-30
12298,13394,2018-01-29
12212,13370,2018-01-26
12237,13356,2018-01-25
12170,13388,2018-01-24
12068,13385,2018-01-23
12096,13401,2018-01-22
12066,13398,2018-01-19
12065,13432,2018-01-18
12108,13390,2018-01-17
12083,13400,2018-01-16
12101,13397,2018-01-15
12074,13429,2018-01-12
12092,13494,2018-01-11
12037,13516,2018-01-10
11987,13495,2018-01-09
11902,13464,2018-01-08
11943,13472,2018-01-05
12017,13541,2018-01-04
12076,13565,2018-01-03
12072,13610,2018-01-02
12084,13616,2017-12-30
12084,13616,2017-12-29
12043,13628,2017-12-28
12033,13630,2017-12-27
12028,13626,2017-12-22
12012,13613,2017-12-21
12087,13647,2017-12-20
12129,13655,2017-12-19
12120,13652,2017-12-18
12163,13641,2017-12-15
12100,13633,2017-12-14
12039,13657,2017-12-13
12001,13618,2017-12-12
11984,13614,2017-12-11
12019,13624,2017-12-08
12113,13620,2017-12-07
12095,13592,2017-12-06
12080,13583,2017-12-05
12060,13595,2017-12-04
12129,13582,2017-11-30
12177,13583,2017-11-29
12225,13595,2017-11-28
12194,13579,2017-11-27
12193,13574,2017-11-24
12204,13571,2017-11-23
12103,13591,2017-11-22
12097,13612,2017-11-21
12143,13597,2017-11-20
12086,13585,2017-11-17
12042,13606,2017-11-16
12027,13607,2017-11-15
11979,13610,2017-11-14
11986,13623,2017-11-13
11983,13582,2017-11-10
11911,13582,2017-11-09
11950,13592,2017-11-08
11917,13572,2017-11-07
11880,13597,2017-11-06
11905,13568,2017-11-03
11973,13630,2017-11-02
11998,13660,2017-11-01
12062,13640,2017-10-31
12015,13648,2017-10-30
12001,13698,2017-10-27
12012,13628,2017-10-26
11978,13638,2017-10-25
11998,13597,2017-10-24
11958,13603,2017-10-23
12005,13585,2017-10-20
12025,13589,2017-10-19
12109,13582,2017-10-18
12096,13557,2017-10-17
12093,13550,2017-10-16
12118,13576,2017-10-13
12091,13589,2017-10-12
12064,13577,2017-10-11
12033,13558,2017-10-10
12061,13572,2017-10-09
12009,13552,2017-10-06
12020,13550,2017-10-05
12033,13556,2017-10-04
12070,13650,2017-10-03
12024,13566,2017-10-02
12041,13559,2017-09-29
11996,13531,2017-09-28
11971,13451,2017-09-27
12014,13415,2017-09-26
11907,13372,2017-09-25
11968,13392,2017-09-22
11963,13336,2017-09-20
11941,13324,2017-09-19
11967,13304,2017-09-18
12106,13327,2017-09-15
12043,13305,2017-09-14
12065,13275,2017-09-13
12117,13252,2017-09-12
12199,13220,2017-09-11
12336,13350,2017-09-08
12284,13398,2017-09-07
12328,13404,2017-09-06
12258,13403,2017-09-05
12217,13412,2017-09-04
12145,13418,2017-08-31
12215,13410,2017-08-30
12329,13415,2017-08-29
12282,13405,2017-08-28
12233,13415,2017-08-25
12295,13421,2017-08-24
12234,13409,2017-08-23
12273,13405,2017-08-22
12292,13422,2017-08-21
12280,13435,2017-08-18
12145,13441,2017-08-16
12173,13411,2017-08-15
12261,13411,2017-08-14
12323,13437,2017-08-11
12184,13405,2017-08-10
12187,13391,2017-08-09
12100,13386,2017-08-08
12097,13386,2017-08-07
12165,13391,2017-08-04
12111,13397,2017-08-03
12118,13398,2017-08-02
12163,13385,2017-08-01
12124,13390,2017-07-31
12058,13393,2017-07-28
12062,13382,2017-07-27
11979,13401,2017-07-26
12052,13387,2017-07-25
12058,13386,2017-07-24
11971,13390,2017-07-21
11947,13387,2017-07-20
11932,13371,2017-07-19
11927,13381,2017-07-18
11884,13380,2017-07-17
11825,13414,2017-07-14
11850,13409,2017-07-13
11831,13435,2017-07-12
11789,13454,2017-07-11
11805,13475,2017-07-10
11832,13464,2017-07-07
11883,13431,2017-07-06
11886,13416,2017-07-05
11880,13453,2017-07-04
11921,13392,2017-07-03
12063,13386,2017-06-30
12063,13386,2017-06-22
12012,13368,2017-06-21
11970,13363,2017-06-20
12034,13352,2017-06-19
12022,13364,2017-06-16
12183,13348,2017-06-15
12143,13352,2017-06-14
12149,13360,2017-06-13
12114,13358,2017-06-12
12108,13358,2017-06-09
12180,13383,2017-06-08
12215,13374,2017-06-07
12165,13351,2017-06-06
12074,13353,2017-06-05
11985,13378,2017-06-02
12051,13388,2017-05-31
12088,13403,2017-05-30
12019,13379,2017-05-29
11971,13361,2017-05-26
11973,13383,2017-05-24
12027,13362,2017-05-23
11988,13363,2017-05-22
12128,13477,2017-05-19
12064,13410,2017-05-18
11880,13373,2017-05-17
11781,13364,2017-05-16
11813,13386,2017-05-15
11794,13407,2017-05-12
11796,13422,2017-05-10
11823,13384,2017-05-09
11879,13391,2017-05-08
11908,13406,2017-05-05
11879,13397,2017-05-04
11926,13363,2017-05-03
11965,13383,2017-05-02
12051,13394,2017-04-28
12016,13365,2017-04-27
11999,13344,2017-04-26
12138,13362,2017-04-25
12255,13387,2017-04-21
12294,13395,2017-04-20
12263,13365,2017-04-19
12263,13365,2017-04-18
12313,13321,2017-04-17
12256,13330,2017-04-13
12207,13364,2017-04-12
12058,13348,2017-04-11
12014,13390,2017-04-10
12145,13408,2017-04-07
12129,13394,2017-04-06
12097,13396,2017-04-05
12102,13393,2017-04-04
12029,13391,2017-04-03
11946,13388,2017-03-31
12022,13383,2017-03-30
12038,13390,2017-03-29
12125,13381,2017-03-27
12035,13396,2017-03-24
12021,13399,2017-03-23
12019,13402,2017-03-22
11877,13375,2017-03-21
11903,13396,2017-03-20
11820,13409,2017-03-17
11820,13403,2017-03-16
11708,13442,2017-03-15
11698,13427,2017-03-14
11695,13431,2017-03-13
11684,13460,2017-03-10
11748,13440,2017-03-09
11779,13407,2017-03-08
11773,13417,2017-03-07
11801,13431,2017-03-06
11766,13442,2017-03-03
11776,13428,2017-03-02
11901,13428,2017-03-01
11916,13414,2017-02-28
11960,13406,2017-02-27
11882,13403,2017-02-24
11856,13427,2017-02-23
11842,13423,2017-02-22
11825,13437,2017-02-21
11862,13419,2017-02-20
11811,13395,2017-02-17
11775,13396,2017-02-16
11787,13397,2017-02-14
11767,13397,2017-02-13
11771,13385,2017-02-10
11919,13375,2017-02-09
11965,13404,2017-02-08
11979,13389,2017-02-07
11917,13396,2017-02-06
11925,13429,2017-02-03
11887,13441,2017-02-02
11869,13416,2017-02-01
11834,13410,2017-01-31
11713,13402,2017-01-30
11686,13426,2017-01-27
11816,13392,2017-01-26
11815,13407,2017-01-25
11878,13397,2017-01-24
11832,13439,2017-01-23
11724,13449,2017-01-20
11727,13443,2017-01-19
11845,13395,2017-01-18
11790,13448,2017-01-17
11762,13421,2017-01-16
11632,13375,2017-01-13
11632,13354,2017-01-12
11539,13394,2017-01-11
11554,13387,2017-01-10
11477,13452,2017-01-09
11586,13414,2017-01-06
11541,13437,2017-01-05
11474,13545,2017-01-04
11545,13552,2017-01-03
11600,13503,2016-12-31
11600,13503,2016-12-30
11589,13540,2016-12-29
11489,13514,2016-12-28
11506,13503,2016-12-27
11524,13537,2016-12-23
11480,13502,2016-12-22
11514,13540,2016-12-21
11491,13460,2016-12-20
11445,13448,2016-12-19
11413,13493,2016-12-16
11458,13434,2016-12-15
11593,13351,2016-12-14
11617,13376,2016-12-13
11714,13404,2016-12-09
11783,13371,2016-12-08
11751,13403,2016-12-07
11856,13472,2016-12-06
11959,13584,2016-12-05
11934,13592,2016-12-02
11928,13650,2016-12-01
12143,13631,2016-11-30
12156,13617,2016-11-29
12127,13534,2016-11-28
11987,13638,2016-11-25
12076,13608,2016-11-24
12193,13540,2016-11-23
12193,13491,2016-11-22
12190,13505,2016-11-21
12185,13475,2016-11-18
12337,13452,2016-11-17
12308,13414,2016-11-16
12391,13405,2016-11-15
12501,13425,2016-11-14
12615,13417,2016-11-11
12545,13184,2016-11-10
12818,13149,2016-11-09
12598,13155,2016-11-08
12615,13147,2016-11-07
12779,13169,2016-11-04
12726,13115,2016-11-03
12650,13123,2016-11-02
12501,13101,2016-11-01
12508,13116,2016-10-31
12474,13113,2016-10-28
12545,13092,2016-10-27
12530,13062,2016-10-26
12534,13087,2016-10-25
12617,13112,2016-10-24
12564,13085,2016-10-21
12615,13064,2016-10-20
12590,13072,2016-10-19
12625,13109,2016-10-18
12594,13119,2016-10-17
12628,13112,2016-10-14
12628,13093,2016-10-13
12645,13088,2016-10-12
12560,13057,2016-10-11
12661,13034,2016-10-10
12606,13067,2016-10-07
12631,13057,2016-10-06
12699,13060,2016-10-05
12752,13053,2016-10-04
12891,13075,2016-10-03
12940,13063,2016-09-30
12847,13017,2016-09-29
12916,12991,2016-09-28
12998,13092,2016-09-27
13034,13141,2016-09-26
13009,13163,2016-09-23
13117,13163,2016-09-22
13006,13214,2016-09-21
12955,13208,2016-09-20
12966,13230,2016-09-19
12929,13197,2016-09-16
12982,13256,2016-09-15
12912,13294,2016-09-14
13014,13217,2016-09-13
12881,13154,2016-09-09
12936,13155,2016-09-08
12963,13151,2016-09-07
12773,13228,2016-09-06
12759,13263,2016-09-05
12899,13327,2016-09-02
12927,13335,2016-09-01
12984,13367,2016-08-31
13056,13326,2016-08-30
13065,13341,2016-08-29
13243,13308,2016-08-26
13272,13333,2016-08-25
13269,13318,2016-08-24
13242,13282,2016-08-23
13170,13263,2016-08-22
13157,13185,2016-08-19
13200,13180,2016-08-18
13037,13163,2016-08-16
13011,13187,2016-08-15
12924,13186,2016-08-12
13027,13179,2016-08-11
13018,13189,2016-08-10
12891,13199,2016-08-09
12950,13210,2016-08-08
13027,13191,2016-08-05
13071,13204,2016-08-04
13020,13180,2016-08-03
12805,13144,2016-08-02
12811,13145,2016-08-01
12653,13159,2016-07-29
12543,13179,2016-07-28
12547,13196,2016-07-27
12616,13216,2016-07-26
12395,13201,2016-07-25
12437,13168,2016-07-22
12315,13188,2016-07-21
12420,13166,2016-07-20
12429,13151,2016-07-19
12483,13178,2016-07-18
12389,13151,2016-07-15
12595,13153,2016-07-14
12647,13160,2016-07-13
12833,13217,2016-07-12
13101,13178,2016-07-11
12867,13238,2016-07-04
12867,13238,2016-07-01
12900,13246,2016-06-30
12914,13232,2016-06-29
13065,13322,2016-06-28
13338,13562,2016-06-27
12908,13362,2016-06-24
12740,13331,2016-06-23
12801,13364,2016-06-22
12827,13352,2016-06-21
12739,13326,2016-06-20
12840,13425,2016-06-17
12687,13394,2016-06-16
12677,13465,2016-06-15
12576,13339,2016-06-14
12618,13408,2016-06-13
12482,13376,2016-06-10
12470,13297,2016-06-09
12457,13307,2016-06-08
12472,13442,2016-06-07
12687,13545,2016-06-06
12565,13680,2016-06-03
12632,13763,2016-06-02
12410,13739,2016-06-01
12319,13683,2016-05-31
12353,13709,2016-05-30
12420,13643,2016-05-27
12483,13683,2016-05-26
12474,13739,2016-05-25
12497,13674,2016-05-24
12460,13675,2016-05-23
12402,13641,2016-05-20
12307,13534,2016-05-19
12263,13386,2016-05-18
12252,13344,2016-05-17
12310,13395,2016-05-16
12296,13378,2016-05-13
12319,13365,2016-05-12
12266,13337,2016-05-11
12326,13400,2016-05-10
12439,13350,2016-05-09
12435,13312,2016-05-04
12455,13228,2016-05-03
12454,13258,2016-05-02
12364,13270,2016-04-29
11887,13270,2016-04-28
11914,13239,2016-04-27
11978,13281,2016-04-26
11974,13301,2016-04-25
12094,13235,2016-04-22
12074,13248,2016-04-21
12105,13199,2016-04-20
12117,13216,2016-04-19
12294,13270,2016-04-18
12066,13232,2016-04-15
12166,13304,2016-04-14
12089,13161,2016-04-13
12203,13189,2016-04-12
12232,13200,2016-04-11
12172,13235,2016-04-08
12139,13263,2016-04-07
12023,13289,2016-04-06
11986,13283,2016-04-05
11856,13211,2016-04-04
11825,13266,2016-04-01
11880,13342,2016-03-31
11941,13426,2016-03-30
11828,13430,2016-03-29
11787,13390,2016-03-28
11804,13316,2016-03-24
11790,13233,2016-03-23
11818,13241,2016-03-22
11881,13226,2016-03-21
11780,13113,2016-03-18
11740,13232,2016-03-17
11666,13235,2016-03-16
11573,13152,2016-03-15
11487,13085,2016-03-14
11624,13152,2016-03-11
11635,13215,2016-03-10
11699,13194,2016-03-08
11517,13094,2016-03-07
11658,13225,2016-03-04
11714,13326,2016-03-03
11740,13381,2016-03-02
11959,13434,2016-03-01
11876,13462,2016-02-29
11931,13467,2016-02-26
12022,13483,2016-02-25
12076,13513,2016-02-24
11996,13464,2016-02-23
11994,13527,2016-02-22
12072,13617,2016-02-19
11897,13546,2016-02-18
11902,13572,2016-02-17
11693,13400,2016-02-16
11917,13543,2016-02-15
12068,13538,2016-02-12
11912,13436,2016-02-11
11879,13606,2016-02-10
11973,13757,2016-02-09
11740,13721,2016-02-05
11633,13730,2016-02-04
11557,13826,2016-02-03
11331,13689,2016-02-02
11353,13767,2016-02-01
11735,13915,2016-01-29
11752,13958,2016-01-28
11799,13940,2016-01-27
11835,13974,2016-01-26
11715,13913,2016-01-25
11836,13943,2016-01-22
11907,13968,2016-01-21
11934,13965,2016-01-20
11932,13991,2016-01-19
11947,14001,2016-01-18
11828,13955,2016-01-15
11871,13946,2016-01-14
11780,13930,2016-01-13
11820,13904,2016-01-12
11940,14005,2016-01-11
11793,13943,2016-01-08
11879,14016,2016-01-07
11751,13932,2016-01-06
11708,14001,2016-01-05
11666,13967,2016-01-04
11512,13864,2015-12-31
11503,13863,2015-12-30
11415,13726,2015-12-29
11389,13707,2015-12-28
11332,13712,2015-12-23
11290,13683,2015-12-22
11503,13941,2015-12-21
11515,14102,2015-12-18
11504,14098,2015-12-17
11607,14120,2015-12-16
11678,14135,2015-12-15
11699,14146,2015-12-14
11478,14007,2015-12-11
11543,14024,2015-12-10
11306,13922,2015-12-08
11282,13906,2015-12-07
11336,13902,2015-12-04
11286,13914,2015-12-03
11246,13826,2015-12-02
11299,13877,2015-12-01
11332,13909,2015-11-30
11270,13816,2015-11-27
11254,13802,2015-11-26
11237,13741,2015-11-25
11237,13792,2015-11-24
11178,13764,2015-11-23
11238,13808,2015-11-20
11238,13856,2015-11-19
11210,13832,2015-11-18
11168,13780,2015-11-17
11270,13801,2015-11-16
11170,13701,2015-11-13
11098,13643,2015-11-12
11117,13644,2015-11-11
11114,13687,2015-11-10
11150,13755,2015-11-09
11195,13618,2015-11-06
11258,13671,2015-11-05
11156,13528,2015-11-04
11319,13662,2015-11-03
11420,13750,2015-11-02
11338,13707,2015-10-30
11292,13630,2015-10-29
11378,13698,2015-10-28
11361,13694,2015-10-27
11322,13711,2015-10-26
11237,13558,2015-10-23
11434,13708,2015-10-22
11481,13764,2015-10-21
11467,13702,2015-10-20
11422,13631,2015-10-19
11417,13602,2015-10-16
11214,13354,2015-10-15
11369,13625,2015-10-13
11262,13533,2015-10-12
11333,13589,2015-10-09
11579,13878,2015-10-08
11755,14135,2015-10-07
12004,14454,2015-10-06
12238,14677,2015-10-05
12317,14783,2015-10-02
12252,14727,2015-10-01
12294,14730,2015-09-30
12364,14802,2015-09-29
12277,14769,2015-09-28
12289,14763,2015-09-25
12261,14696,2015-09-23
12096,14558,2015-09-22
12124,14523,2015-09-21
12119,14535,2015-09-18
12062,14524,2015-09-17
12074,14514,2015-09-16
11996,14443,2015-09-15
11943,14394,2015-09-14
11902,14378,2015-09-11
11957,14394,2015-09-10
11889,14315,2015-09-09
12039,14356,2015-09-08
11998,14305,2015-09-07
11921,14249,2015-09-04
11806,14231,2015-09-03
11810,14198,2015-09-02
11727,14151,2015-09-01
11635,14097,2015-08-31
11630,14081,2015-08-28
11821,14199,2015-08-27
11905,14173,2015-08-26
11782,14137,2015-08-25
11612,14068,2015-08-24
11337,13964,2015-08-21
11223,13907,2015-08-20
11178,13893,2015-08-19
11171,13900,2015-08-18
11116,13832,2015-08-14
11111,13816,2015-08-13
11046,13827,2015-08-12
10912,13609,2015-08-11
10942,13604,2015-08-10
10904,13604,2015-08-07
10897,13597,2015-08-06
10919,13585,2015-08-05
10934,13562,2015-08-04
10936,13559,2015-08-03
10929,13548,2015-07-31
10903,13535,2015-07-30
10949,13511,2015-07-29
10980,13527,2015-07-28
10946,13520,2015-07-27
10908,13515,2015-07-24
10855,13461,2015-07-23
10865,13435,2015-07-22
10856,13396,2015-07-15
10841,13387,2015-07-14
10917,13376,2015-07-13
10970,13371,2015-07-10
11079,13414,2015-07-09
10978,13413,2015-07-08
10909,13380,2015-07-07
10947,13420,2015-07-06
10886,13383,2015-07-03
10861,13404,2015-07-02
10937,13398,2015-07-01
10951,13399,2015-06-30
10902,13423,2015-06-29
10872,13405,2015-06-26
10812,13390,2015-06-25
10778,13346,2015-06-24
10829,13383,2015-06-23
10908,13385,2015-06-22
10894,13391,2015-06-19
10878,13408,2015-06-18
10889,13434,2015-06-17
10841,13400,2015-06-16
10853,13400,2015-06-15
10842,13384,2015-06-12
10856,13358,2015-06-11
10769,13396,2015-06-10
10791,13429,2015-06-09
10710,13427,2015-06-08
10732,13354,2015-06-05
10692,13309,2015-06-04
10698,13262,2015-06-03
10711,13296,2015-06-01
10738,13277,2015-05-29
10717,13271,2015-05-28
10792,13295,2015-05-27
10892,13258,2015-05-26
10893,13252,2015-05-25
10918,13202,2015-05-22
10912,13216,2015-05-21
10954,13235,2015-05-20
11041,13249,2015-05-19
11016,13182,2015-05-18
11019,13155,2015-05-15
11063,13254,2015-05-13
11042,13269,2015-05-12
10999,13182,2015-05-11
11048,13243,2015-05-08
10987,13130,2015-05-07
10924,13105,2015-05-06
10867,13058,2015-05-05
10897,13086,2015-05-04
10944,13002,2015-04-30
10964,13029,2015-04-29
10953,13043,2015-04-28
10924,12987,2015-04-27
10886,13006,2015-04-24
10835,13004,2015-04-23
10878,13017,2015-04-22
10895,13007,2015-04-21
10887,12939,2015-04-20
10859,12927,2015-04-17
10842,12902,2015-04-16
10907,13041,2015-04-15
10886,13044,2015-04-14
10813,13010,2015-04-13
10765,12975,2015-04-10
10836,13038,2015-04-09
10876,13067,2015-04-08
10913,13047,2015-04-07
10919,13007,2015-04-06
10926,13065,2015-04-02
10964,13108,2015-04-01
10950,13149,2015-03-31
11031,13151,2015-03-30
11003,13129,2015-03-27
10951,13068,2015-03-26
10860,12997,2015-03-25
10883,13037,2015-03-24
10945,13141,2015-03-23
10883,13140,2015-03-20
10886,13073,2015-03-19
10905,13230,2015-03-18
10936,13275,2015-03-17
10975,13303,2015-03-16
10922,13257,2015-03-13
10891,13242,2015-03-12
10903,13230,2015-03-11
10788,13124,2015-03-10
10850,13112,2015-03-09
10875,13048,2015-03-06
10929,13087,2015-03-05
10879,13028,2015-03-04
10880,13027,2015-03-03
10895,13058,2015-03-02
10838,12927,2015-02-27
10866,12926,2015-02-26
10913,12951,2015-02-25
10869,12930,2015-02-24
10816,12877,2015-02-23
10859,12913,2015-02-20
10792,12868,2015-02-18
10831,12821,2015-02-17
10799,12806,2015-02-16
10789,12833,2015-02-13
10705,12858,2015-02-12
10688,12764,2015-02-11
10726,12707,2015-02-10
10729,12742,2015-02-09
10804,12676,2015-02-06
10862,12716,2015-02-05
10754,12672,2015-02-04
10839,12706,2015-02-03
10857,12764,2015-02-02
10753,12688,2015-01-30
10657,12578,2015-01-29
10631,12560,2015-01-28
10610,12555,2015-01-27
10691,12580,2015-01-26
10576,12506,2015-01-23
10600,12513,2015-01-22
10656,12620,2015-01-21
10763,12722,2015-01-20
10810,12675,2015-01-19
10915,12656,2015-01-16
10765,12680,2015-01-15
10760,12643,2015-01-14
10745,12671,2015-01-13
10664,12631,2015-01-12
10624,12703,2015-01-09
10693,12795,2015-01-08
10739,12796,2015-01-07
10671,12721,2015-01-06
10517,12652,2015-01-05
10414,12536,2015-01-02
10478,12502,2014-12-31
10373,12498,2014-12-30
10368,12496,2014-12-29
10415,12529,2014-12-24
10422,12518,2014-12-23
10466,12497,2014-12-22
10562,12563,2014-12-19
10650,12628,2014-12-18
10967,12784,2014-12-17
11010,12965,2014-12-16
10677,12662,2014-12-15
10512,12494,2014-12-12
10501,12398,2014-12-11
10353,12398,2014-12-10
10280,12409,2014-12-09
10217,12414,2014-12-08
10306,12357,2014-12-05
10330,12380,2014-12-04
10355,12356,2014-12-03
10415,12337,2014-12-02
10365,12325,2014-12-01
10375,12257,2014-11-28
10414,12240,2014-11-27
10373,12221,2014-11-26
10358,12227,2014-11-25
10344,12183,2014-11-24
10400,12222,2014-11-21
10348,12222,2014-11-20
10406,12185,2014-11-19
10479,12207,2014-11-18
10593,12254,2014-11-17
10591,12267,2014-11-14
10603,12252,2014-11-13
10635,12266,2014-11-12
10656,12224,2014-11-11
10689,12199,2014-11-10
10604,12210,2014-11-07
10664,12240,2014-11-06
10694,12152,2014-11-05
10728,12191,2014-11-04
10795,12166,2014-11-03
11100,12142,2014-10-31
11221,12226,2014-10-30
11300,12224,2014-10-29
11333,12219,2014-10-28
11212,12102,2014-10-27
11232,12125,2014-10-24
11273,12094,2014-10-23
11303,12086,2014-10-22
11285,12053,2014-10-21
11294,12101,2014-10-20
11553,12283,2014-10-17
11568,12268,2014-10-16
11478,12290,2014-10-15
11428,12256,2014-10-14
11452,12263,2014-10-13
11382,12268,2014-10-10
11337,12251,2014-10-09
11365,12302,2014-10-08
11222,12251,2014-10-07
11194,12273,2014-10-06
11211,12205,2014-10-03
11213,12197,2014-10-02
11145,12249,2014-10-01
11228,12273,2014-09-30
11138,12181,2014-09-29
11077,12067,2014-09-26
10994,12007,2014-09-25
11081,12036,2014-09-24
11076,12047,2014-09-23
11053,12032,2014-09-22
11027,12045,2014-09-19
11133,12090,2014-09-18
11168,11968,2014-09-17
11177,11963,2014-09-16
11127,11934,2014-09-15
11085,11890,2014-09-12
11139,11890,2014-09-11
11136,11841,2014-09-10
11134,11813,2014-09-09
11216,11781,2014-09-08
11234,11829,2014-09-05
11266,11819,2014-09-04
11258,11840,2014-09-03
11265,11793,2014-09-02
11298,11769,2014-09-01
11356,11776,2014-08-29
11312,11740,2014-08-28
11312,11767,2014-08-27
11336,11774,2014-08-26
11304,11773,2014-08-25
11281,11712,2014-08-22
11336,11776,2014-08-21
11432,11766,2014-08-20
11439,11740,2014-08-19
11476,11739,2014-08-18
11466,11751,2014-08-15
11431,11725,2014-08-14
11478,11741,2014-08-13
11472,11735,2014-08-12
11539,11787,2014-08-11
11682,11881,2014-08-08
11572,11825,2014-08-07
11519,11815,2014-08-06
11495,11792,2014-08-05
11498,11806,2014-08-04
11449,11649,2014-08-01
11449,11649,2014-07-25
11413,11589,2014-07-24
11394,11555,2014-07-23
11421,11589,2014-07-22
11490,11635,2014-07-21
11611,11765,2014-07-18
11549,11726,2014-07-17
11661,11864,2014-07-16
11585,11768,2014-07-15
11528,11685,2014-07-14
11534,11685,2014-07-11
11434,11607,2014-07-10
11547,11753,2014-07-08
11598,11846,2014-07-07
11698,11946,2014-07-04
11801,12023,2014-07-03
11723,11913,2014-07-02
11686,11857,2014-07-01
11875,12029,2014-06-30
11982,12164,2014-06-27
11941,12151,2014-06-26
11865,12087,2014-06-25
11839,12060,2014-06-24
11796,12031,2014-06-23
11811,12027,2014-06-20
11748,11976,2014-06-19
11785,12038,2014-06-18
11691,11922,2014-06-17
11657,11873,2014-06-16
11634,11840,2014-06-13
11631,11872,2014-06-12
11598,11862,2014-06-11
11593,11865,2014-06-10
11553,11849,2014-06-09
11609,11882,2014-06-06
11634,11933,2014-06-05
11566,11869,2014-06-04
11593,11865,2014-06-03
11567,11799,2014-06-02
11494,11669,2014-05-30
11455,11671,2014-05-28
11470,11691,2014-05-26
11419,11618,2014-05-23
11395,11573,2014-05-22
11419,11565,2014-05-21
11320,11498,2014-05-20
11235,11408,2014-05-19
11300,11472,2014-05-16
11300,11544,2014-05-14
11334,11583,2014-05-13
11371,11594,2014-05-12
11423,11621,2014-05-09
11472,11682,2014-05-08
11403,11585,2014-05-07
11333,11569,2014-05-06
11351,11569,2014-05-05
11329,11595,2014-05-02
11318,11590,2014-04-30
11365,11647,2014-04-29
11386,11626,2014-04-28
11384,11659,2014-04-25
11391,11666,2014-04-24
11365,11648,2014-04-23
11246,11543,2014-04-22
11192,11487,2014-04-21
11259,11475,2014-04-17
11248,11495,2014-04-16
11281,11491,2014-04-15
11331,11501,2014-04-14
11329,11507,2014-04-11
11192,11399,2014-04-10
11049,11366,2014-04-08
10977,11338,2014-04-07
10939,11367,2014-04-04
10941,11367,2014-04-03
10943,11360,2014-04-02
10967,11327,2014-04-01
11221,11461,2014-03-28
11283,11495,2014-03-27
11206,11465,2014-03-26
11169,11414,2014-03-25
11159,11441,2014-03-24
11225,11488,2014-03-21
11192,11464,2014-03-20
11223,11370,2014-03-19
11141,11338,2014-03-18
11164,11328,2014-03-17
11276,11478,2014-03-14
11141,11444,2014-03-13
11153,11489,2014-03-12
11074,11441,2014-03-11
11163,11506,2014-03-10
11123,11452,2014-03-07
11328,11612,2014-03-06
11396,11638,2014-03-05
11520,11705,2014-03-04
11487,11654,2014-03-03
11477,11692,2014-02-28
11460,11733,2014-02-27
11463,11727,2014-02-26
11392,11678,2014-02-25
11500,11787,2014-02-24
11572,11851,2014-02-21
11607,11831,2014-02-20
11650,11909,2014-02-19
11665,11885,2014-02-18
11593,11775,2014-02-17
11706,11945,2014-02-14
11858,12133,2014-02-13
11867,12176,2014-02-12
11980,12235,2014-02-11
11947,12227,2014-02-10
12003,12237,2014-02-07
12051,12220,2014-02-06
12076,12233,2014-02-05
12153,12309,2014-02-04
12033,12312,2014-02-03
12015,12287,2014-01-30
11845,12215,2014-01-29
12020,12328,2014-01-28
11979,12259,2014-01-27
11824,12238,2014-01-24
11702,12234,2014-01-23
11704,12210,2014-01-22
11649,12183,2014-01-21
11707,12171,2014-01-20
11687,12188,2014-01-17
11619,12178,2014-01-16
11629,12137,2014-01-15
11717,12107,2014-01-13
11691,12258,2014-01-10
11745,12324,2014-01-09
11724,12290,2014-01-08
11818,12323,2014-01-07
11780,12291,2014-01-06
11774,12287,2014-01-03
11687,12303,2014-01-02
11677,12250,2013-12-31
11705,12331,2013-12-30
11748,12321,2013-12-27
11768,12276,2013-12-24
11829,12307,2013-12-23
11793,12306,2013-12-20
11797,12252,2013-12-19
11861,12212,2013-12-18
11810,12165,2013-12-17
11833,12166,2013-12-16
11725,12141,2013-12-13
11781,12085,2013-12-12
11736,12065,2013-12-11
11670,12045,2013-12-10
11672,12016,2013-12-09
11805,12020,2013-12-06
11812,12078,2013-12-05
11730,12020,2013-12-04
11536,11889,2013-12-03
11733,12006,2013-12-02
11740,12037,2013-11-29
11747,11990,2013-11-28
11713,11872,2013-11-27
11649,11824,2013-11-26
11586,11781,2013-11-25
11627,11765,2013-11-22
11734,11776,2013-11-21
11691,11689,2013-11-20
11703,11667,2013-11-19
11658,11685,2013-11-18
11590,11619,2013-11-15
11671,11604,2013-11-14
11758,11702,2013-11-13
11691,11636,2013-11-12
11660,11543,2013-11-11
11672,11461,2013-11-08
11612,11446,2013-11-07
11648,11471,2013-11-06
11592,11446,2013-11-04
11625,11411,2013-11-01
11475,11290,2013-10-31
11426,11217,2013-10-30
11401,11131,2013-10-29
11359,11073,2013-10-28
11513,11198,2013-10-25
11627,11324,2013-10-24
11550,11314,2013-10-23
11596,11398,2013-10-22
11649,11410,2013-10-21
11595,11365,2013-10-18
11565,11408,2013-10-17
11557,11373,2013-10-16
11708,11532,2013-10-11
11874,11600,2013-10-10
11926,11598,2013-10-09
11982,11596,2013-10-08
11935,11590,2013-10-07
11947,11614,2013-10-04
11883,11593,2013-10-03
11880,11626,2013-10-02
11819,11651,2013-10-01
11929,11671,2013-09-30
11740,11590,2013-09-27
11763,11631,2013-09-26
11786,11627,2013-09-25
11742,11593,2013-09-24
11594,11492,2013-09-23
11491,11409,2013-09-20
11542,11334,2013-09-19
11637,11549,2013-09-18
11602,11508,2013-09-17
11614,11480,2013-09-16
11483,11452,2013-09-13
11615,11551,2013-09-12
11455,11495,2013-09-11
11282,11236,2013-09-10
11296,11244,2013-09-09
11289,11256,2013-09-06
11215,11181,2013-09-05
11205,11148,2013-09-04
11106,11038,2013-09-03
11145,10977,2013-09-02
11186,10979,2013-08-30
11254,10991,2013-08-29
11338,11005,2013-08-28
11126,10937,2013-08-27
11044,10895,2013-08-26
11019,10902,2013-08-23
11047,10849,2013-08-22
11083,10777,2013-08-21
10801,10557,2013-08-20
10773,10503,2013-08-19
10731,10444,2013-08-16
10608,10370,2013-08-15
10548,10348,2013-08-14
10641,10343,2013-08-13
10702,10338,2013-08-12
10400,10339,2013-08-06
10400,10339,2013-08-02
10523,10339,2013-08-01
10539,10329,2013-07-31
10525,10328,2013-07-30
10567,10321,2013-07-29
10412,10316,2013-07-26
10306,10314,2013-07-25
10350,10313,2013-07-24
10322,10273,2013-07-23
10119,10118,2013-07-22
10080,10120,2013-07-19
10136,10109,2013-07-18
10147,10090,2013-07-17
10119,10086,2013-07-16
10152,10074,2013-07-15
10133,10030,2013-07-12
10105,10029,2013-07-11
9911,10020,2013-07-10
9904,10010,2013-07-09
"9888,4",10010,2013-07-08
"9958,2",9995,2013-07-05
10020,9995,2013-07-04
"9941,3",9991,2013-07-03
10036,9990,2013-07-02
10055,9984,2013-07-01
10087,9979,2013-06-28
10216,9987,2013-06-27
10222,9989,2013-06-26
10229,9998,2013-06-25
10157,9981,2013-06-24
10320,10010,2013-06-21
10339,9977,2013-06-20
10456,9960,2013-06-19
10523,9968,2013-06-18
10492,9930,2013-06-17
10456,9935,2013-06-14
10488,9936,2013-06-13
10261,9905,2013-06-12
"9992,9",9870,2013-06-11
10054,9855,2013-06-10
10201,9839,2013-06-07
"9850,1",9856,2013-06-05
"9892,6",9854,2013-06-04
"9799,2",9860,2013-06-03
"9754,4",9851,2013-05-31
"9743,1",9860,2013-05-30
"9647,7",9859,2013-05-29
"9688,5",9859,2013-05-28
"9745,5",9841,2013-05-27
"9604,9",9821,2013-05-24
9524,9823,2013-05-23
9569,9814,2013-05-22
9570,9814,2013-05-21
"9543,7",9809,2013-05-20
"9594,2",9812,2013-05-17
"9599,3",9799,2013-05-16
"9586,1",9797,2013-05-15
"9636,6",9784,2013-05-14
"9609,3",9789,2013-05-13
"9701,6",9787,2013-05-10
"9876,8",9783,2013-05-08
"9890,9",9790,2013-05-07
"9871,8",9781,2013-05-06
"9989,8",9789,2013-05-03
10045,9777,2013-05-02
10051,9779,2013-05-01
"9975,5",9771,2013-04-30
10030,9770,2013-04-29
"9889,7",9770,2013-04-26
9823,9765,2013-04-25
"9849,9",9776,2013-04-24
"9888,7",9777,2013-04-23
"9779,6",9762,2013-04-22
"9910,6",9758,2013-04-19
"9963,3",9772,2013-04-18
"9934,9",9759,2013-04-17
10069,9772,2013-04-16
"9924,7",9759,2013-04-15
9813,9759,2013-04-12
"9777,1",9736,2013-04-11
"9839,4",9740,2013-04-10
"9852,1",9792,2013-04-09
"9971,5",9805,2013-04-08
10100,9802,2013-04-05
10542,9798,2013-04-04
10465,9792,2013-04-03
10521,9786,2013-04-02
10428,9784,2013-04-01
10378,9768,2013-03-28
10326,9774,2013-03-27
10384,9794,2013-03-26
10313,9777,2013-03-25
10313,9792,2013-03-22
10185,9775,2013-03-21
10292,9772,2013-03-20
10197,9754,2013-03-19
10322,9767,2013-03-18
10153,9749,2013-03-15
10180,9752,2013-03-14
10169,9746,2013-03-13
10124,9736,2013-03-11
10227,9736,2013-03-08
10367,9745,2013-03-07
10460,9734,2013-03-06
10449,9754,2013-03-05
10446,9753,2013-03-04
10498,9726,2013-03-01
10514,9715,2013-02-28
10606,9732,2013-02-27
10541,9754,2013-02-26
10374,9762,2013-02-25
10479,9762,2013-02-22
10418,9752,2013-02-21
10438,9753,2013-02-20
10403,9762,2013-02-19
10334,9728,2013-02-18
10481,9732,2013-02-15
10390,9713,2013-02-14
10390,9692,2013-02-13
10275,9682,2013-02-12
10495,9706,2013-02-11
10409,9733,2013-02-08
10456,9774,2013-02-07
10375,9734,2013-02-06
10553,9745,2013-02-05
10494,9721,2013-02-04
10626,9749,2013-02-01
10730,9746,2013-01-31
10713,9738,2013-01-30
10715,9728,2013-01-29
10678,9718,2013-01-28
10718,9691,2013-01-25
10924,9683,2013-01-23
10837,9688,2013-01-22
10845,9728,2013-01-21
10845,9733,2013-01-18
11001,9738,2013-01-17
11033,9738,2013-01-16
10940,9789,2013-01-15
10854,9718,2013-01-14
10919,9708,2013-01-11
11088,9764,2013-01-10
11193,9789,2013-01-09
11177,9789,2013-01-08
11115,9787,2013-01-07
11092,9723,2013-01-04
11133,9718,2013-01-03
11195,9733,2013-01-02
11254,9718,2012-12-28
11345,9733,2012-12-27
11455,9756,2012-12-26
11591,9735,2012-12-21
11530,9708,2012-12-20
11510,9697,2012-12-19
11541,9691,2012-12-18
11539,9693,2012-12-17
11579,9693,2012-12-14
11621,9691,2012-12-13
11742,9693,2012-12-12
11771,9696,2012-12-11
11762,9701,2012-12-10
11728,9673,2012-12-07
11719,9661,2012-12-06
11778,9653,2012-12-05
11760,9653,2012-12-04
11709,9646,2012-12-03
11703,9653,2012-11-30
11765,9658,2012-11-29
11794,9656,2012-11-28
11772,9651,2012-11-27
11752,9666,2012-11-26
11758,9676,2012-11-23
11746,9687,2012-11-22
11827,9691,2012-11-21
11926,9686,2012-11-20
11931,9687,2012-11-19
12184,9686,2012-11-14
12198,9685,2012-11-13
12183,9683,2012-11-12
12180,9681,2012-11-09
12132,9686,2012-11-08
12076,9678,2012-11-07
12070,9681,2012-11-06
12018,9676,2012-11-05
12056,9676,2012-11-02
12103,9676,2012-11-01
12153,9663,2012-10-31
12086,9653,2012-10-30
12118,9653,2012-10-29
12082,9662,2012-10-25
12104,9663,2012-10-24
12101,9663,2012-10-23
12162,9641,2012-10-22
12148,9638,2012-10-19
12171,9633,2012-10-18
12225,9633,2012-10-17
12226,9633,2012-10-16
12285,9641,2012-10-15
12314,9653,2012-10-12
12364,9651,2012-10-11
12329,9646,2012-10-10
12320,9648,2012-10-09
12254,9638,2012-10-08
12286,9638,2012-10-05
12260,9633,2012-10-04
12333,9638,2012-10-03
12336,9631,2012-10-02
12373,9641,2012-10-01
12430,9636,2012-09-28
12411,9638,2012-09-27
12385,9628,2012-09-26
12374,9628,2012-09-25
12308,9608,2012-09-24
12276,9606,2012-09-21
12233,9587,2012-09-20
12206,9595,2012-09-19
12142,9540,2012-09-18
12146,9497,2012-09-17
12405,9621,2012-09-14
12387,9631,2012-09-13
12365,9626,2012-09-12
12322,9637,2012-09-11
12313,9631,2012-09-10
12222,9641,2012-09-07
12299,9640,2012-09-06
12285,9636,2012-09-05
12283,9626,2012-09-04
12309,9633,2012-09-03
12236,9608,2012-08-31
12236,9621,2012-08-30
12217,9601,2012-08-29
12205,9583,2012-08-28
12142,9563,2012-08-27
12146,9552,2012-08-24
12151,9542,2012-08-23
12056,9545,2012-08-16
12111,9541,2012-08-15
12161,9537,2012-08-14
12178,9527,2012-08-13
12119,9524,2012-08-10
12143,9530,2012-08-09
12130,9522,2012-08-08
12166,9519,2012-08-07
12137,9508,2012-08-06
12200,9532,2012-08-03
12135,9526,2012-08-02
12203,9515,2012-08-01
12199,9532,2012-07-31
12164,9532,2012-07-30
12181,9532,2012-07-27
12210,9540,2012-07-26
12203,9537,2012-07-25
12187,9535,2012-07-24
12199,9540,2012-07-23
12117,9525,2012-07-20
12114,9517,2012-07-19
12027,9510,2012-07-18
12069,9521,2012-07-17
12039,9525,2012-07-16
12008,9527,2012-07-13
11961,9509,2012-07-12
11981,9507,2012-07-11
11937,9490,2012-07-10
11922,9485,2012-07-09
11826,9450,2012-07-06
11801,9430,2012-07-05
11811,9412,2012-07-04
11900,9475,2012-07-03
11843,9448,2012-07-02
12024,9527,2012-06-29
11987,9527,2012-06-28
11994,9522,2012-06-27
11940,9517,2012-06-26
11867,9527,2012-06-25
11875,9520,2012-06-22
11963,9520,2012-06-21
12064,9510,2012-06-20
12012,9485,2012-06-19
11970,9485,2012-06-18
12009,9515,2012-06-15
11981,9515,2012-06-14
11934,9502,2012-06-13
11942,9495,2012-06-12
11910,9480,2012-06-11
11938,9480,2012-06-08
11883,9422,2012-06-07
12080,9512,2012-06-06
12142,9510,2012-06-05
12172,9510,2012-06-04
11951,9380,2012-06-01
12204,9613,2012-05-31
12101,9618,2012-05-30
11977,9522,2012-05-29
11926,9472,2012-05-28
11742,9357,2012-05-25
11735,9326,2012-05-24
11679,9321,2012-05-23
11731,9311,2012-05-22
11769,9314,2012-05-21
11604,9326,2012-05-16
11666,9311,2012-05-15
11580,9266,2012-05-14
11556,9226,2012-05-11
11657,9293,2012-05-10
11606,9271,2012-05-09
11591,9266,2012-05-08
11615,9271,2012-05-07
11557,9264,2012-05-04
11529,9242,2012-05-03
11526,9239,2012-05-02
11572,9239,2012-05-01
11531,9236,2012-04-30
11415,9236,2012-04-27
11373,9236,2012-04-26
11351,9240,2012-04-25
11392,9239,2012-04-24
11350,9230,2012-04-23
11314,9230,2012-04-20
11324,9228,2012-04-19
11340,9223,2012-04-18
11463,9224,2012-04-17
11397,9219,2012-04-16
11373,9220,2012-04-13
11386,9219,2012-04-12
11410,9216,2012-04-11
11269,9211,2012-04-10
11304,9214,2012-04-09
11194,9205,2012-04-05
11135,9204,2012-04-04
11221,9191,2012-04-03
11070,9209,2012-04-02
11235,9226,2012-03-30
11174,9234,2012-03-29
11118,9226,2012-03-28
11149,9234,2012-03-27
11156,9227,2012-03-26
11066,9219,2012-03-22
11037,9226,2012-03-21
11030,9206,2012-03-20
11041,9214,2012-03-19
11059,9224,2012-03-16
11004,9239,2012-03-15
11114,9239,2012-03-14
11208,9211,2012-03-13
11209,9206,2012-03-12
11230,9179,2012-03-09
11341,9209,2012-03-08
11424,9236,2012-03-07
11313,9209,2012-03-06
11233,9176,2012-03-05
11275,9154,2012-03-02
11270,9143,2012-03-01
11332,9130,2012-02-29
11463,9204,2012-02-28
11298,9156,2012-02-27
11391,9115,2012-02-24
11367,9115,2012-02-23
11404,9104,2012-02-22
11400,9090,2012-02-21
11426,9080,2012-02-20
11476,9073,2012-02-17
11531,9040,2012-02-16
11585,9085,2012-02-15
11702,9082,2012-02-14
11686,9068,2012-02-13
11647,9038,2012-02-10
11612,8955,2012-02-09
11740,9033,2012-02-08
11795,9043,2012-02-07
11789,9033,2012-02-06
11870,9040,2012-02-03
11736,8936,2012-02-02
11901,9067,2012-02-01
11853,9045,2012-01-31
11769,9030,2012-01-30
11657,9025,2012-01-27
11629,9040,2012-01-26
11642,9063,2012-01-25
11729,9030,2012-01-24
11679,9000,2012-01-20
11887,9120,2012-01-19
12003,9206,2012-01-18
12053,9254,2012-01-17
12007,9221,2012-01-16
12021,9226,2012-01-13
12044,9256,2012-01-12
12027,9246,2012-01-11
12023,9236,2012-01-10
12008,9234,2012-01-09
11928,9206,2012-01-06
12003,9209,2012-01-05
12033,9226,2012-01-04
11982,9206,2012-01-03
11903,9171,2012-01-02
11742,9113,2011-12-30
11833,9206,2011-12-29
11839,9211,2011-12-28
11721,9135,2011-12-27
11599,9060,2011-12-23
11682,9118,2011-12-22
11764,9151,2011-12-21
11742,9161,2011-12-20
11732,9133,2011-12-19
11659,9080,2011-12-16
11764,9181,2011-12-15
11715,9135,2011-12-14
11722,9135,2011-12-13
11762,9130,2011-12-12
11698,9085,2011-12-09
11759,9130,2011-12-08
11748,9128,2011-12-07
11737,9128,2011-12-06
11688,9110,2011-12-05
11752,9149,2011-12-02
11762,9130,2011-12-01
11837,9216,2011-11-30
11806,9231,2011-11-29
11783,9146,2011-11-28
11699,9050,2011-11-25
11869,9143,2011-11-24
11791,9080,2011-11-23
11771,9080,2011-11-22
11878,9115,2011-11-21
11823,9100,2011-11-18
11793,9085,2011-11-17
11767,9075,2011-11-16
11740,9040,2011-11-15
11663,9000,2011-11-14
11668,9050,2011-11-11
11597,9020,2011-11-10
11518,8939,2011-11-09
11504,8978,2011-11-08
11504,8985,2011-11-07
11550,9007,2011-11-04
11574,9028,2011-11-03
11548,9020,2011-11-02
11436,8937,2011-11-01
11245,8879,2011-10-31
11697,8872,2011-10-28
11754,8934,2011-10-27
11723,8914,2011-10-26
11701,8909,2011-10-25
11700,8927,2011-10-24
11610,8912,2011-10-21
11574,8884,2011-10-20
11610,8899,2011-10-19
11591,8904,2011-10-18
11510,8889,2011-10-17
11626,8937,2011-10-14
11621,8955,2011-10-13
11719,8990,2011-10-12
11727,8985,2011-10-11
11728,9000,2011-10-10
11754,9013,2011-10-07
11693,8970,2011-10-06
11721,8985,2011-10-05
11747,9005,2011-10-04
11654,8970,2011-10-03
11583,8867,2011-09-30
11724,8970,2011-09-29
11789,9020,2011-09-28
11742,8960,2011-09-27
11806,9020,2011-09-26
11515,8779,2011-09-23
11769,9033,2011-09-22
11686,8919,2011-09-21
11791,9025,2011-09-20
11515,8849,2011-09-19
11484,8816,2011-09-16
11477,8803,2011-09-15
11408,8774,2011-09-14
11255,8665,2011-09-13
11156,8646,2011-09-12
11121,8614,2011-09-09
11132,8614,2011-09-08
11136,8617,2011-09-07
11219,8616,2011-09-06
11179,8582,2011-09-05
11156,8621,2011-08-26
11214,8620,2011-08-25
11197,8589,2011-08-24
11185,8587,2011-08-23
11191,8595,2011-08-22
11245,8601,2011-08-19
11203,8576,2011-08-18
11147,8569,2011-08-16
11170,8584,2011-08-15
11174,8584,2011-08-12
11209,8588,2011-08-11
11154,8573,2011-08-10
11149,8598,2011-08-09
10988,8576,2011-08-08
10898,8581,2011-08-05
10835,8525,2011-08-04
11044,8529,2011-08-03
10983,8502,2011-08-02
10976,8523,2011-08-01
11012,8551,2011-07-29
10975,8552,2011-07-28
10955,8531,2011-07-27
10947,8564,2011-07-26
10938,8571,2011-07-25
10903,8570,2011-07-22
10901,8582,2011-07-21
10845,8583,2011-07-20
10876,8601,2011-07-19
10881,8598,2011-07-18
10847,8580,2011-07-15
10905,8581,2011-07-14
10835,8605,2011-07-13
10719,8592,2011-07-12
10611,8565,2011-07-11
10550,8567,2011-07-08
10614,8578,2011-07-07
10609,8575,2011-07-06
10602,8583,2011-07-05
10602,8565,2011-07-04
10663,8606,2011-07-01
10728,8640,2011-06-30
10724,8666,2011-06-28
10732,8662,2011-06-27
10744,8645,2011-06-24
10731,8644,2011-06-23
10771,8643,2011-06-22
10785,8646,2011-06-21
10761,8621,2011-06-20
10713,8638,2011-06-17
10659,8627,2011-06-16
10669,8578,2011-06-15
10698,8581,2011-06-14
10652,8574,2011-06-13
10689,8561,2011-06-10
10697,8566,2011-06-09
10712,8564,2011-06-08
10694,8572,2011-06-07
10654,8549,2011-06-06
10631,8580,2011-06-03
10556,8583,2011-06-01
10577,8580,2011-05-31
10634,8591,2011-05-30
10622,8608,2011-05-27
10526,8619,2011-05-26
10525,8627,2011-05-25
10526,8611,2011-05-24
10502,8604,2011-05-23
10511,8578,2011-05-20
10530,8587,2011-05-19
10590,8596,2011-05-18
10621,8598,2011-05-13
10581,8579,2011-05-12
10621,8589,2011-05-11
10702,8596,2011-05-10
10665,8591,2011-05-09
10715,8620,2011-05-06
10692,8609,2011-05-05
10636,8602,2011-05-04
10606,8597,2011-05-03
10584,8594,2011-05-02
10568,8617,2011-04-29
10541,8636,2011-04-28
10645,8668,2011-04-27
10640,8699,2011-04-26
10533,8671,2011-04-25
10549,8672,2011-04-21
10492,8700,2011-04-20
10575,8729,2011-04-19
10504,8713,2011-04-18
10402,8704,2011-04-15
10421,8704,2011-04-14
10387,8715,2011-04-13
10365,8709,2011-04-12
10239,8684,2011-04-11
10204,8699,2011-04-08
10192,8697,2011-04-07
10185,8694,2011-04-06
10337,8714,2011-04-05
10367,8719,2011-04-04
10456,8742,2011-04-01
10569,8753,2011-03-31
10589,8759,2011-03-30
10720,8756,2011-03-29
10739,8762,2011-03-28
10805,8752,2011-03-25
10824,8766,2011-03-24
10836,8765,2011-03-23
10805,8754,2011-03-22
10867,8795,2011-03-21
10824,8817,2011-03-18
11142,8837,2011-03-17
10917,8824,2011-03-16
10793,8817,2011-03-15
10724,8815,2011-03-14
10663,8828,2011-03-11
10659,8818,2011-03-10
10657,8828,2011-03-09
10738,8833,2011-03-08
10734,8833,2011-03-07
10727,8837,2011-03-04
10825,8853,2011-03-03
10830,8868,2011-03-02
10804,8856,2011-03-01
10852,8867,2011-02-28
10867,8902,2011-02-25
10831,8901,2011-02-24
10770,8901,2011-02-23
10727,8917,2011-02-22
10701,8889,2011-02-21
10682,8902,2011-02-18
10677,8921,2011-02-17
10685,8949,2011-02-16
10776,8966,2011-02-14
10769,8976,2011-02-11
10870,8969,2011-02-10
10897,8962,2011-02-09
10896,8962,2011-02-08
10976,9020,2011-02-07
11132,9075,2011-02-04
11120,9062,2011-02-02
11071,9087,2011-02-01
11092,9102,2011-01-31
10980,9079,2011-01-28
11048,9077,2011-01-27
11070,9083,2011-01-26
11016,9097,2011-01-25
11015,9104,2011-01-24
10989,9120,2011-01-21
11090,9113,2011-01-20
11067,9089,2011-01-19
11032,9110,2011-01-18
10990,9110,2011-01-17
11017,9109,2011-01-14
10937,9083,2011-01-13
10923,9090,2011-01-12
11008,9133,2011-01-11
10933,9071,2011-01-10
10866,9047,2011-01-07
10862,9039,2011-01-06
11003,9032,2011-01-05
11020,9021,2011-01-04
11096,9021,2011-01-03
11084,9036,2010-12-31
11087,9023,2010-12-30
11009,9059,2010-12-29
10989,9077,2010-12-28
10960,9086,2010-12-27
10905,9093,2010-12-23
10855,9095,2010-12-22
10846,9086,2010-12-21
10815,9090,2010-12-20
10824,9079,2010-12-17
10790,9081,2010-12-16
10805,9063,2010-12-15
10848,9056,2010-12-14
10790,9064,2010-12-13
10822,9060,2010-12-10
10814,9056,2010-12-09
10830,9065,2010-12-08
10931,9053,2010-12-06
10823,9059,2010-12-03
10777,9062,2010-12-02
10855,9077,2010-12-01
10768,9058,2010-11-30
10796,9078,2010-11-29
10752,9011,2010-11-26
10789,9003,2010-11-25
10848,9018,2010-11-24
10790,8990,2010-11-23
10752,8968,2010-11-22
10763,8982,2010-11-19
10803,9004,2010-11-18
10833,9003,2010-11-16
10879,8981,2010-11-15
10875,8963,2010-11-12
10889,8932,2010-11-11
10951,8949,2010-11-10
11073,8950,2010-11-09
11027,8958,2010-11-08
11063,8942,2010-11-05
11068,8954,2010-11-04
11120,8967,2010-11-03
11126,8972,2010-11-02
11117,8966,2010-11-01
11138,8973,2010-10-29
11007,8983,2010-10-28
10995,8973,2010-10-27
11091,8958,2010-10-26
11068,8972,2010-10-25
11059,8981,2010-10-22
11047,8977,2010-10-21
11048,8985,2010-10-20
11035,8974,2010-10-19
11030,8974,2010-10-18
11023,8968,2010-10-15
11028,8966,2010-10-14
10959,8972,2010-10-13
10927,8974,2010-10-12
10948,8970,2010-10-11
10901,8967,2010-10-08
10823,8972,2010-10-07
10783,8967,2010-10-06
10771,8992,2010-10-05
10713,8967,2010-10-04
10739,8966,2010-10-01
10732,8969,2010-09-30
10717,8988,2010-09-29
10687,8997,2010-09-28
10680,8996,2010-09-27
10651,9003,2010-09-24
10643,8998,2010-09-23
10590,8996,2010-09-22
10530,9013,2010-09-21
10533,9024,2010-09-20
10543,9030,2010-09-17
10570,9025,2010-09-16
10860,9018,2010-09-15
10795,8999,2010-09-14
10831,9061,2010-09-08
10754,9056,2010-09-07
10706,9034,2010-09-06
10740,9057,2010-09-03
10763,9053,2010-09-02
10756,9079,2010-09-01
10769,9086,2010-08-31
10543,9050,2010-08-30
10714,9035,2010-08-27
10657,9029,2010-08-26
10692,9021,2010-08-25
10602,9019,2010-08-24
10574,9023,2010-08-23
10554,9010,2010-08-20
10521,9012,2010-08-19
10560,9014,2010-08-18
10524,9033,2010-08-16
10490,9035,2010-08-13
10656,9052,2010-08-12
10555,9011,2010-08-11
10479,8998,2010-08-10
10510,8977,2010-08-09
10459,8987,2010-08-06
10446,9001,2010-08-05
10517,8990,2010-08-04
10411,8986,2010-08-03
10381,8983,2010-08-02
10405,8997,2010-07-30
10370,9047,2010-07-29
10334,9068,2010-07-28
10421,9059,2010-07-27
10372,9085,2010-07-26
10488,9100,2010-07-23
10539,9114,2010-07-22
10431,9097,2010-07-21
10455,9103,2010-07-20
10526,9121,2010-07-19
10421,9093,2010-07-16
10293,9092,2010-07-15
10240,9093,2010-07-14
10264,9101,2010-07-13
10215,9095,2010-07-12
10294,9109,2010-07-09
10323,9115,2010-07-08
10421,9119,2010-07-07
10432,9133,2010-07-06
10361,9105,2010-07-05
10315,9093,2010-07-02
10373,9139,2010-07-01
10311,9128,2010-06-30
10175,9078,2010-06-29
10164,9085,2010-06-28
10145,9095,2010-06-25
10105,9088,2010-06-24
10055,9100,2010-06-23
"9976,9",9078,2010-06-22
"9976,9",9060,2010-06-21
10101,9181,2010-06-18
10089,9213,2010-06-17
10061,9206,2010-06-16
10078,9225,2010-06-15
10048,9230,2010-06-14
10109,9246,2010-06-11
10194,9296,2010-06-10
10163,9284,2010-06-09
10148,9311,2010-06-08
10251,9341,2010-06-07
"9981,7",9250,2010-06-04
10021,9236,2010-06-03
10130,9281,2010-06-02
10165,9256,2010-06-01
10093,9226,2010-05-31
10428,9385,2010-05-27
10456,9420,2010-05-26
10411,9382,2010-05-25
10334,9315,2010-05-24
10409,9382,2010-05-21
10082,9251,2010-05-20
10030,9214,2010-05-19
"9932,9",9179,2010-05-18
"9988,1",9191,2010-05-17
9847,9139,2010-05-14
"9886,7",9161,2010-05-12
"9800,1",9118,2010-05-11
"9898,5",9166,2010-05-10
10142,9339,2010-05-07
"9849,9",9251,2010-05-06
"9600,1",9098,2010-05-05
9548,9062,2010-05-04
"9659,4",9075,2010-05-03
"9622,8",9057,2010-04-30
"9658,1",9067,2010-04-29
"9716,1",9068,2010-04-28
"9659,8",9058,2010-04-27
"9591,8",9046,2010-04-26
"9700,3",9061,2010-04-23
"9773,8",9072,2010-04-22
"9710,4",9052,2010-04-21
"9801,2",9073,2010-04-20
9874,9091,2010-04-19
"9780,9",9063,2010-04-16
"9689,5",9049,2010-04-15
"9708,3",9054,2010-04-14
9762,9065,2010-04-13
"9706,1",9048,2010-04-12
"9728,3",9094,2010-04-09
9761,9109,2010-04-08
"9643,2",9082,2010-04-07
"9653,8",9090,2010-04-06
"9639,8",9100,2010-04-05
"9764,5",9120,2010-04-01
9821,9161,2010-03-31
"9866,9",9115,2010-03-30
"9860,8",9135,2010-03-29
"9935,1",9182,2010-03-26
10010,9184,2010-03-25
10129,9166,2010-03-24
10146,9165,2010-03-23
10132,9162,2010-03-22
10142,9171,2010-03-19
10156,9166,2010-03-18
10168,9195,2010-03-17
10168,9221,2010-03-15
10189,9229,2010-03-12
10223,9231,2010-03-11
10261,9234,2010-03-10
10276,9244,2010-03-09
10221,9246,2010-03-08
10438,9311,2010-03-05
10526,9311,2010-03-04
10517,9323,2010-03-03
10439,9321,2010-03-02
10499,9360,2010-03-01
10459,9382,2010-02-25
10386,9368,2010-02-24
10284,9365,2010-02-23
10189,9338,2010-02-22
10246,9405,2010-02-19
10297,9372,2010-02-18
10332,9326,2010-02-17
10432,9384,2010-02-16
10414,9387,2010-02-15
10502,9418,2010-02-12
10456,9407,2010-02-11
10467,9397,2010-02-10
10555,9435,2010-02-09
10597,9460,2010-02-08
10525,9440,2010-02-05
10310,9372,2010-02-04
10395,9392,2010-02-03
10368,9417,2010-02-02
10482,9442,2010-02-01
10464,9412,2010-01-29
10469,9455,2010-01-28
10551,9427,2010-01-27
10363,9362,2010-01-26
10411,9387,2010-01-25
10482,9435,2010-01-22
10238,9366,2010-01-21
10227,9321,2010-01-20
10232,9271,2010-01-19
10224,9276,2010-01-18
10165,9251,2010-01-15
10061,9196,2010-01-14
10137,9226,2010-01-13
10009,9231,2010-01-12
"9932,9",9176,2010-01-11
"9958,2",9286,2010-01-08
10054,9274,2010-01-07
10183,9355,2010-01-06
10142,9355,2010-01-05
10098,9377,2010-01-04